"","CBSA","year","total_population","less_than_18","18_to_29","30_to_44","45_to_59","above_59","white_alone","AA_alone","hispanic_or_latino","household_size_1","household_size_2","household_size_3_to_4","household_size_more_than_4","household_with_kids","family_household_without_kids","non_family_household_without_kids","level","NAME","FIPS","county_name","LSAD"
"1",12060,"1970",1852235,658784,376954,344529,274441,197527,NA,NA,NA,NA,NA,NA,NA,NA,NA,NA,"msa_level","Atlanta-Sandy Springs-Roswell, GA",NA,NA,NA
"2",12060,"1980",2338211,692403,520922,523807,329269,271810,1766429,571705,25493,173129,246715,297589,106973,338930,276867,208609,"msa_level","Atlanta-Sandy Springs-Roswell, GA",NA,NA,NA
"3",12060,"1990",3082308,803107,638579,840616,447623,352383,2225976,778381,56896,258633,362251,409695,115182,415234,402359,328168,"msa_level","Atlanta-Sandy Springs-Roswell, GA",NA,NA,NA
"4",12060,"2000",4263438,1132600,762825,1151592,755943,460478,2706365,1216222,267297,362728,488486,530592,178632,567614,523604,469220,"msa_level","Atlanta-Sandy Springs-Roswell, GA",NA,NA,NA
"5",12060,"2009",5257114,1427371,864222,1279733,1038729,647059,3071442,1630596,489277,490403,581750,594673,187469,704537,557029,592729,"msa_level","Atlanta-Sandy Springs-Roswell, GA",NA,NA,NA
"6",12060,"2013",5379176,1405787,877461,1220784,1101079,774065,3027755,1753777,557985,506828,598134,610667,201952,714733,595909,606939,"msa_level","Atlanta-Sandy Springs-Roswell, GA",NA,NA,NA
"7",12060,"2017",5700990,1436505,925709,1222165,1183052,933559,3112830,1920782,600033,539263,636105,640505,213172,727536,649112,652397,"msa_level","Atlanta-Sandy Springs-Roswell, GA",NA,NA,NA
"8",12060,"2018",5779463,1442479,942124,1223206,1197603,974051,3122337,1961791,611688,546528,653535,651128,214048,734130,666359,664750,"msa_level","Atlanta-Sandy Springs-Roswell, GA",NA,NA,NA
"9",14460,"1970",3918092,1309141,723764,650967,639755,594465,NA,NA,NA,NA,NA,NA,NA,NA,NA,NA,"msa_level","Boston-Cambridge-Newton, MA-NH",NA,NA,NA
"10",14460,"1980",3938585,1019541,895795,761221,607529,654499,3716034,182173,91528,344407,412777,436706,198425,490628,484823,416864,"msa_level","Boston-Cambridge-Newton, MA-NH",NA,NA,NA
"11",14460,"1990",4133895,909018,895509,1034270,601537,693561,3678592,233937,196803,394805,472251,505616,164513,470588,560908,505689,"msa_level","Boston-Cambridge-Newton, MA-NH",NA,NA,NA
"12",14460,"2000",4391344,1026506,718580,1116385,814627,715246,3655535,260695,281216,465343,523602,522425,168788,524971,558429,596758,"msa_level","Boston-Cambridge-Newton, MA-NH",NA,NA,NA
"13",14460,"2009",4513934,1001430,759977,993151,967962,791414,3658620,306198,355963,491467,536387,523062,147010,547928,532018,617980,"msa_level","Boston-Cambridge-Newton, MA-NH",NA,NA,NA
"14",14460,"2013",4604278,979585,814210,923262,1010102,877119,3621435,349347,431633,501901,564254,540233,149278,546004,568651,641011,"msa_level","Boston-Cambridge-Newton, MA-NH",NA,NA,NA
"15",14460,"2017",4771936,971596,852928,938697,1019844,988871,3674413,384527,505477,500757,590063,564427,148889,545000,611031,648105,"msa_level","Boston-Cambridge-Newton, MA-NH",NA,NA,NA
"16",14460,"2018",4811732,971181,862654,947602,1012944,1017351,3679379,392241,525764,505758,597390,566875,149090,541262,619817,658034,"msa_level","Boston-Cambridge-Newton, MA-NH",NA,NA,NA
"17",16980,"1970",7882788,2751927,1395514,1394235,1331834,1009278,NA,NA,NA,NA,NA,NA,NA,NA,NA,NA,"msa_level","Chicago-Naperville-Elgin, IL-IN-WI",NA,NA,NA
"18",16980,"1980",8052932,2326002,1752697,1577553,1247179,1149501,6356718,1572447,633549,669752,798779,903276,434935,1074394,964731,767617,"msa_level","Chicago-Naperville-Elgin, IL-IN-WI",NA,NA,NA
"19",16980,"1990",8182076,2135547,1580513,2004685,1193981,1267350,5888345,1546880,878734,737740,850720,956214,398432,1010310,1059907,872889,"msa_level","Chicago-Naperville-Elgin, IL-IN-WI",NA,NA,NA
"20",16980,"2000",9098316,2441136,1540899,2210893,1595140,1310248,6079835,1682324,1494139,859316,946310,1016777,458418,1136916,1110724,1033181,"msa_level","Chicago-Naperville-Elgin, IL-IN-WI",NA,NA,NA
"21",16980,"2009",9461816,2446245,1592387,2064055,1910805,1448324,6171962,1678898,1813050,951621,1003204,1036692,409527,1223915,1050694,1126435,"msa_level","Chicago-Naperville-Elgin, IL-IN-WI",NA,NA,NA
"22",16980,"2013",9488493,2343831,1586042,1987338,1959012,1612270,6314383,1625456,1986785,966670,1019089,1038509,405470,1182545,1096603,1150590,"msa_level","Chicago-Naperville-Elgin, IL-IN-WI",NA,NA,NA
"23",16980,"2017",9549229,2243424,1579038,1961176,1944551,1821040,6303072,1599415,2081524,994734,1068761,1033286,384549,1133468,1151513,1196349,"msa_level","Chicago-Naperville-Elgin, IL-IN-WI",NA,NA,NA
"24",16980,"2018",9536428,2217561,1571911,1951896,1925754,1869306,6278469,1586538,2092989,1000692,1082162,1035170,377689,1123698,1164114,1207901,"msa_level","Chicago-Naperville-Elgin, IL-IN-WI",NA,NA,NA
"25",19100,"1970",2428838,859288,489194,448454,360294,271608,NA,NA,NA,NA,NA,NA,NA,NA,NA,NA,"msa_level","Dallas-Fort Worth-Arlington, TX",NA,NA,NA
"26",19100,"1980",3034207,887181,707074,646520,431304,362128,2547674,426171,250448,248644,343160,372457,134081,430981,371474,295887,"msa_level","Dallas-Fort Worth-Arlington, TX",NA,NA,NA
"27",19100,"1990",4018778,1093625,851902,1063235,551594,458422,3048680,561521,516273,374816,457357,501962,167348,550064,498131,453288,"msa_level","Dallas-Fort Worth-Arlington, TX",NA,NA,NA
"28",19100,"2000",5204126,1456926,948729,1356364,875157,566950,3615423,708201,1120837,468197,574255,614793,241629,713519,609992,575363,"msa_level","Dallas-Fort Worth-Arlington, TX",NA,NA,NA
"29",19100,"2009",6195890,1736035,1086309,1454656,1160210,758680,4287569,859692,1650353,549413,650931,687769,257376,861739,627780,655970,"msa_level","Dallas-Fort Worth-Arlington, TX",NA,NA,NA
"30",19100,"2013",6575833,1805126,1102695,1460953,1293833,913226,4538248,980654,1813509,587475,715873,745378,284806,918301,707296,707935,"msa_level","Dallas-Fort Worth-Arlington, TX",NA,NA,NA
"31",19100,"2017",7104415,1889868,1175068,1539303,1401587,1098589,4930563,1093212,2018504,619159,769986,799112,306169,958157,782685,753584,"msa_level","Dallas-Fort Worth-Arlington, TX",NA,NA,NA
"32",19100,"2018",7255028,1915498,1204903,1565659,1422248,1146720,5012939,1126696,2077311,631196,779651,813678,311530,966766,801357,767932,"msa_level","Dallas-Fort Worth-Arlington, TX",NA,NA,NA
"33",26420,"1970",2195100,813411,423335,417632,328189,212533,NA,NA,NA,NA,NA,NA,NA,NA,NA,NA,"msa_level","Houston-The Woodlands-Sugar Land, TX",NA,NA,NA
"34",26420,"1980",3137557,955042,773722,684136,429353,295304,2535300,573243,448708,250820,323653,380305,156661,459215,351542,300682,"msa_level","Houston-The Woodlands-Sugar Land, TX",NA,NA,NA
"35",26420,"1990",3750963,1082154,739942,1016723,514012,398132,2543439,669295,767776,328056,380461,457759,181750,526383,432137,389506,"msa_level","Houston-The Woodlands-Sugar Land, TX",NA,NA,NA
"36",26420,"2000",4693161,1359021,827867,1185190,818139,502944,2936566,789731,1353294,385628,471580,550111,242260,649759,534897,464923,"msa_level","Houston-The Woodlands-Sugar Land, TX",NA,NA,NA
"37",26420,"2009",5570617,1595658,957131,1252408,1087769,677651,3604543,938097,1857116,461424,564278,627662,249908,785496,567426,550350,"msa_level","Houston-The Woodlands-Sugar Land, TX",NA,NA,NA
"38",26420,"2013",6063540,1676799,1041032,1330339,1189512,825858,3986513,1045873,2161755,497802,615404,675563,279749,830174,641598,596746,"msa_level","Houston-The Woodlands-Sugar Land, TX",NA,NA,NA
"39",26420,"2017",6636208,1788611,1116321,1453313,1266256,1011707,4359111,1141697,2432651,550280,674418,740994,305869,892107,720305,659149,"msa_level","Houston-The Woodlands-Sugar Land, TX",NA,NA,NA
"40",26420,"2018",6779104,1819907,1138074,1483376,1280782,1056965,4426906,1169670,2506513,558256,685624,756125,310208,901943,738686,669584,"msa_level","Houston-The Woodlands-Sugar Land, TX",NA,NA,NA
"41",31080,"1970",8456849,2793766,1595905,1568396,1422265,1076517,NA,NA,NA,NA,NA,NA,NA,NA,NA,NA,"msa_level","Los Angeles-Long Beach-Anaheim, CA",NA,NA,NA
"42",31080,"1980",9410212,2552807,2188668,1939791,1447474,1281472,8139983,985865,2351225,890554,1031994,1029452,470150,1204328,1115816,1102006,"msa_level","Los Angeles-Long Beach-Anaheim, CA",NA,NA,NA
"43",31080,"1990",11273720,2911209,2507703,2825797,1553350,1475661,6941442,1032038,3886958,912399,1097699,1167879,645215,1318546,1308048,1196598,"msa_level","Los Angeles-Long Beach-Anaheim, CA",NA,NA,NA
"44",31080,"2000",12365627,3426931,2228991,3089710,2014952,1605043,6465654,961163,5119938,967749,1091867,1256580,756237,1531788,1296435,1244210,"msa_level","Los Angeles-Long Beach-Anaheim, CA",NA,NA,NA
"45",31080,"2009",12762126,3308331,2272502,2908891,2420118,1852284,6840293,913537,5614718,1037778,1144945,1330284,639260,1604404,1236786,1311077,"msa_level","Los Angeles-Long Beach-Anaheim, CA",NA,NA,NA
"46",31080,"2013",12945252,3104313,2366957,2790183,2579982,2103817,7190204,883313,5774371,1042663,1181998,1347059,654175,1550246,1342973,1332676,"msa_level","Los Angeles-Long Beach-Anaheim, CA",NA,NA,NA
"47",31080,"2017",13261538,2990347,2401271,2796936,2674613,2398371,7193319,882243,5972751,1058817,1229499,1399239,632619,1487560,1464137,1368477,"msa_level","Los Angeles-Long Beach-Anaheim, CA",NA,NA,NA
"48",31080,"2018",13262234,2957709,2386340,2787613,2666389,2464183,7137761,878719,5973798,1064363,1239316,1410438,624365,1472067,1485351,1381064,"msa_level","Los Angeles-Long Beach-Anaheim, CA",NA,NA,NA
"49",33100,"1970",968822,279343,136817,152133,165395,235134,NA,NA,NA,NA,NA,NA,NA,NA,NA,NA,"msa_level","Miami-Fort Lauderdale-West Palm Beach, FL",NA,NA,NA
"50",33100,"1980",1595063,338686,272415,276508,243992,463462,1437854,195784,68400,161351,274038,161459,55946,167348,293032,192414,"msa_level","Miami-Fort Lauderdale-West Palm Beach, FL",NA,NA,NA
"51",33100,"1990",2119006,425312,334187,486346,294360,578801,1760554,300273,172269,254091,348304,225292,66304,219431,362486,312074,"msa_level","Miami-Fort Lauderdale-West Palm Beach, FL",NA,NA,NA
"52",33100,"2000",5007564,1178167,720105,1199427,877684,1032181,3609888,938578,1703772,512995,613359,558881,221225,585508,686936,634016,"msa_level","Miami-Fort Lauderdale-West Palm Beach, FL",NA,NA,NA
"53",33100,"2009",5484777,1260576,823387,1177056,1092721,1131037,3893050,1112763,2133615,577085,652459,597683,179696,647636,661471,697816,"msa_level","Miami-Fort Lauderdale-West Palm Beach, FL",NA,NA,NA
"54",33100,"2013",5673185,1211674,884044,1149061,1201072,1227334,4061742,1199613,2376061,580566,643413,605862,187655,638429,677739,701328,"msa_level","Miami-Fort Lauderdale-West Palm Beach, FL",NA,NA,NA
"55",33100,"2017",6019790,1238058,920635,1200308,1275381,1385408,4266292,1286415,2663235,589960,667568,630416,189764,638271,724592,714845,"msa_level","Miami-Fort Lauderdale-West Palm Beach, FL",NA,NA,NA
"56",33100,"2018",6070944,1243333,919734,1206515,1278679,1422683,4279818,1293936,2716271,594705,680702,633620,191328,633453,743844,723058,"msa_level","Miami-Fort Lauderdale-West Palm Beach, FL",NA,NA,NA
"57",35620,"1970",17506245,5535742,2967628,3180701,3137259,2684915,NA,NA,NA,NA,NA,NA,NA,NA,NA,NA,"msa_level","New York-Newark-Jersey City, NY-NJ-PA",NA,NA,NA
"58",35620,"1980",16868198,4437522,3299362,3381951,2872247,2877116,13898487,2893127,2013156,1543884,1754761,1937902,848508,2159913,2182850,1742292,"msa_level","New York-Newark-Jersey City, NY-NJ-PA",NA,NA,NA
"59",35620,"1990",17413155,4009794,3293981,4257748,2763610,3088022,12141663,3228944,2677355,1670552,1821418,2060237,809423,1994958,2418659,1948013,"msa_level","New York-Newark-Jersey City, NY-NJ-PA",NA,NA,NA
"60",35620,"2000",18944519,4665738,2983572,4701179,3464690,3129340,11800965,3354770,3625242,1846888,1948969,2192480,905997,2280345,2403027,2210962,"msa_level","New York-Newark-Jersey City, NY-NJ-PA",NA,NA,NA
"61",35620,"2009",19581379,4643772,3099524,4314643,4067902,3455538,12004256,3390638,4094423,1970171,2023557,2205723,777656,2414805,2230433,2331869,"msa_level","New York-Newark-Jersey City, NY-NJ-PA",NA,NA,NA
"62",35620,"2013",19716880,4459961,3288309,4106473,4159242,3702895,11833135,3392991,4523963,1972820,2048769,2248404,808772,2386981,2324131,2367653,"msa_level","New York-Newark-Jersey City, NY-NJ-PA",NA,NA,NA
"63",35620,"2017",20192042,4410026,3352622,4109018,4194505,4125871,11768269,3455984,4863602,1999382,2095778,2276285,796582,2304335,2447444,2416248,"msa_level","New York-Newark-Jersey City, NY-NJ-PA",NA,NA,NA
"64",35620,"2018",19990592,4347235,3276213,4040699,4126788,4199657,11643206,3416157,4837457,2005155,2121467,2272957,796804,2282422,2482726,2431235,"msa_level","New York-Newark-Jersey City, NY-NJ-PA",NA,NA,NA
"65",37980,"1970",5317407,1801788,923325,920379,933945,737970,NA,NA,NA,NA,NA,NA,NA,NA,NA,NA,"msa_level","Philadelphia-Camden-Wilmington, PA-NJ-DE-MD",NA,NA,NA
"66",37980,"1980",5240039,1428196,1101879,977454,871437,861073,4206752,965469,125889,410445,534265,605867,270348,672096,673891,474938,"msa_level","Philadelphia-Camden-Wilmington, PA-NJ-DE-MD",NA,NA,NA
"67",37980,"1990",5435468,1326099,1030210,1300785,805301,973073,4196135,1015406,181577,494382,597184,660252,235770,640892,762029,584667,"msa_level","Philadelphia-Camden-Wilmington, PA-NJ-DE-MD",NA,NA,NA
"68",37980,"2000",5687147,1440397,867022,1359601,1043440,976687,4128103,1120692,284118,574036,651217,674661,235504,697856,751882,685680,"msa_level","Philadelphia-Camden-Wilmington, PA-NJ-DE-MD",NA,NA,NA
"69",37980,"2009",5910593,1418110,957983,1229692,1250130,1054678,4172409,1199278,393868,634271,678256,667382,206425,737405,701201,747728,"msa_level","Philadelphia-Camden-Wilmington, PA-NJ-DE-MD",NA,NA,NA
"70",37980,"2013",5992766,1378134,1007797,1156013,1299129,1151693,4106566,1250223,485866,653725,694090,670082,208734,715431,735808,775392,"msa_level","Philadelphia-Camden-Wilmington, PA-NJ-DE-MD",NA,NA,NA
"71",37980,"2017",6065644,1342727,1013014,1153546,1281431,1274926,4083283,1270826,546680,664647,717496,670589,200739,690746,767899,794826,"msa_level","Philadelphia-Camden-Wilmington, PA-NJ-DE-MD",NA,NA,NA
"72",37980,"2018",6069448,1335472,1004697,1156957,1266750,1305572,4065435,1273284,558973,659350,728339,676975,199377,692638,779720,791683,"msa_level","Philadelphia-Camden-Wilmington, PA-NJ-DE-MD",NA,NA,NA
"73",47900,"1970",3164346,1100277,665885,601327,495855,301002,NA,NA,NA,NA,NA,NA,NA,NA,NA,NA,"msa_level","Washington-Arlington-Alexandria, DC-VA-MD-WV",NA,NA,NA
"74",47900,"1980",3426648,932714,776571,802325,523816,391222,2470532,902034,96303,306372,354966,413811,160257,465929,390472,379005,"msa_level","Washington-Arlington-Alexandria, DC-VA-MD-WV",NA,NA,NA
"75",47900,"1990",4157327,982407,880614,1148530,643064,502712,2784833,1068100,225974,381890,473095,521579,166390,509100,534520,499334,"msa_level","Washington-Arlington-Alexandria, DC-VA-MD-WV",NA,NA,NA
"76",47900,"2000",4837428,1220076,782647,1288404,944054,602247,2876292,1269754,429341,480023,556293,574422,206058,616021,592084,608691,"msa_level","Washington-Arlington-Alexandria, DC-VA-MD-WV",NA,NA,NA
"77",47900,"2009",5384391,1333436,888770,1256568,1139955,765662,3091514,1396799,652373,565576,607774,612003,201721,695295,600333,691446,"msa_level","Washington-Arlington-Alexandria, DC-VA-MD-WV",NA,NA,NA
"78",47900,"2013",5759330,1362761,978075,1294629,1223316,900549,3228757,1470979,812827,569887,642029,655393,223992,727470,653417,710414,"msa_level","Washington-Arlington-Alexandria, DC-VA-MD-WV",NA,NA,NA
"79",47900,"2017",6090196,1411310,996913,1353021,1272669,1056283,3322625,1547874,930161,585865,663466,684976,235727,744132,694695,731207,"msa_level","Washington-Arlington-Alexandria, DC-VA-MD-WV",NA,NA,NA
"80",47900,"2018",6138382,1420344,996955,1356926,1272549,1091608,3319114,1555778,954071,594711,672721,687099,236807,744790,704428,742120,"msa_level","Washington-Arlington-Alexandria, DC-VA-MD-WV",NA,NA,NA
"81",47900,"2009",588433,113992,125724,136609,114310,97798,210983,324631,49813,117435,71903,48108,13277,55490,55063,140170,"county_level",NA,"11001","District of Columbia, DC","County or equivalent"
"82",47900,"2013",619371,105291,156363,145246,110874,101597,248141,310530,59479,119573,78272,52026,13778,54704,57881,151064,"county_level",NA,"11001","District of Columbia, DC","County or equivalent"
"83",47900,"2017",672391,118058,158115,170369,112823,113026,273471,321062,71829,121126,84873,56926,15060,59794,62020,156171,"county_level",NA,"11001","District of Columbia, DC","County or equivalent"
"84",47900,"2018",684498,121737,158193,176479,112913,115176,280469,321317,74776,124201,86232,55838,15051,58763,63350,159209,"county_level",NA,"11001","District of Columbia, DC","County or equivalent"
"85",47900,"2000",572059,114332,125662,137177,102871,92017,175306,343213,45015,108569,68022,52095,19904,50948,65015,132627,"county_level",NA,"11001","District of Columbia, DC","County or equivalent"
"86",47900,"1990",606900,116624,144952,153954,88159,103211,179690,399751,32255,102947,66926,56036,23125,51062,72518,125454,"county_level",NA,"11001","District of Columbia, DC","County or equivalent"
"87",47900,"1980",638333,143355,162079,131449,98524,102926,182607,451932,17777,100080,65175,58887,29890,63866,71703,118463,"county_level",NA,"11001","District of Columbia, DC","County or equivalent"
"88",47900,"1970",756510,225102,172947,132882,121630,103949,NA,NA,NA,NA,NA,NA,NA,NA,NA,NA,"county_level",NA,"11001","District of Columbia, DC","County or equivalent"
"89",47900,"2009",88055,23610,11575,19287,20954,12629,72067,12431,2212,5622,9453,11292,3367,12520,10315,6899,"county_level",NA,"24009","Calvert County, MD","County or equivalent"
"90",47900,"2013",89332,22816,11978,16318,22865,15355,72777,12116,2658,6185,10537,10475,3726,12017,11604,7302,"county_level",NA,"24009","Calvert County, MD","County or equivalent"
"91",47900,"2017",90824,21739,12581,15753,22598,18153,73885,10797,3276,5861,11040,10776,3785,11593,12339,7530,"county_level",NA,"24009","Calvert County, MD","County or equivalent"
"92",47900,"2018",91082,21510,12806,15677,22444,18645,73931,10730,3427,5964,11057,11001,3704,11655,12457,7614,"county_level",NA,"24009","Calvert County, MD","County or equivalent"
"93",47900,"2000",74563,22057,8315,20225,14790,9176,62421,9672,1033,4155,7876,9869,3528,10852,9353,5223,"county_level",NA,"24009","Calvert County, MD","County or equivalent"
"94",47900,"1990",51372,14652,8485,14246,7703,6286,42814,8066,525,2369,5052,7025,2501,7083,6868,2996,"county_level",NA,"24009","Calvert County, MD","County or equivalent"
"95",47900,"1980",34638,11536,6423,7698,4866,4115,26984,7765,281,1547,2958,4121,2106,5045,3822,1865,"county_level",NA,"24009","Calvert County, MD","County or equivalent"
"96",47900,"1970",20682,8608,3276,2993,3104,2701,NA,NA,NA,NA,NA,NA,NA,NA,NA,NA,"county_level",NA,"24009","Calvert County, MD","County or equivalent"
"97",47900,"2009",140181,38506,20294,33896,29707,17778,78576,52225,5134,10117,15558,17795,5501,20497,16650,11824,"county_level",NA,"24017","Charles County, MD","County or equivalent"
"98",47900,"2013",148957,38661,22250,31466,34273,22307,74894,61660,6815,11005,16108,18589,5545,19722,18172,13353,"county_level",NA,"24017","Charles County, MD","County or equivalent"
"99",47900,"2017",156021,38383,24155,30783,36636,26064,72951,67351,8358,12467,15969,19777,6775,21395,19017,14576,"county_level",NA,"24017","Charles County, MD","County or equivalent"
"100",47900,"2018",157671,38347,24330,30632,36691,27671,71681,70047,8757,12417,16792,19726,6968,21694,19776,14433,"county_level",NA,"24017","Charles County, MD","County or equivalent"
"101",47900,"2000",120546,34661,16448,32944,22842,13651,82460,31425,2660,7146,12718,16439,5372,17418,15082,9175,"county_level",NA,"24017","Charles County, MD","County or equivalent"
"102",47900,"1990",101154,29712,20426,26630,14950,9436,80252,18425,1605,4702,9107,14331,4794,14845,12022,6067,"county_level",NA,"24017","Charles County, MD","County or equivalent"
"103",47900,"1980",72751,25963,14266,17593,8785,6144,57464,14927,941,2555,4975,9135,4704,11750,6568,3051,"county_level",NA,"24017","Charles County, MD","County or equivalent"
"104",47900,"1970",47678,21213,8779,8205,5844,3637,NA,NA,NA,NA,NA,NA,NA,NA,NA,NA,"county_level",NA,"24017","Charles County, MD","County or equivalent"
"105",47900,"2009",224185,58700,31860,50858,49586,33181,186928,18148,12566,18107,26469,28220,8478,31414,26948,22912,"county_level",NA,"24021","Frederick County, MD","County or equivalent"
"106",47900,"2013",236668,58742,34279,48267,54840,40540,194610,20403,17971,18951,28261,30270,8855,32243,30907,23187,"county_level",NA,"24021","Frederick County, MD","County or equivalent"
"107",47900,"2017",246105,58317,36199,47694,57014,46881,199955,22103,21623,19564,30909,30500,9049,32177,33223,24622,"county_level",NA,"24021","Frederick County, MD","County or equivalent"
"108",47900,"2018",248472,58354,36543,48113,56370,49092,201553,23337,22855,20279,31217,30365,9544,32444,33129,25832,"county_level",NA,"24021","Frederick County, MD","County or equivalent"
"109",47900,"2000",195277,53764,25670,52470,37938,25435,174293,12191,4598,14056,22836,25508,7715,27335,24943,17837,"county_level",NA,"24021","Frederick County, MD","County or equivalent"
"110",47900,"1990",150208,39527,28802,40918,21714,19247,140114,7961,1525,9390,16619,20888,5861,20887,19674,12197,"county_level",NA,"24021","Frederick County, MD","County or equivalent"
"111",47900,"1980",114792,34258,24110,25652,16170,14602,108032,6320,800,6075,10786,15077,5540,16820,13431,7227,"county_level",NA,"24021","Frederick County, MD","County or equivalent"
"112",47900,"1970",84927,29741,15821,15170,13539,10656,NA,NA,NA,NA,NA,NA,NA,NA,NA,NA,"county_level",NA,"24021","Frederick County, MD","County or equivalent"
"113",47900,"2009",946172,234412,135730,204619,211568,159843,569819,154422,142509,87724,107965,111182,37228,124160,112854,107085,"county_level",NA,"24031","Montgomery County, MD","County or equivalent"
"114",47900,"2013",989474,235741,142546,209922,218638,182627,560930,170317,173135,91422,111229,118067,39845,128337,120589,111637,"county_level",NA,"24031","Montgomery County, MD","County or equivalent"
"115",47900,"2017",1039198,243654,147327,215965,222791,209461,563929,187943,197242,92107,112316,124082,40737,131500,126860,110882,"county_level",NA,"24031","Montgomery County, MD","County or equivalent"
"116",47900,"2018",1040133,243609,145967,214382,221327,214848,559927,189800,200307,91984,114018,123773,40452,131157,128126,110944,"county_level",NA,"24031","Montgomery County, MD","County or equivalent"
"117",47900,"2000",873341,220580,115893,228838,178628,129402,564890,130849,100309,79246,101647,106080,37967,115808,110216,98916,"county_level",NA,"24031","Montgomery County, MD","County or equivalent"
"118",47900,"1990",757027,177120,140965,210424,121404,107114,581379,92375,55372,62812,91603,98884,29604,96274,104248,82381,"county_level",NA,"24031","Montgomery County, MD","County or equivalent"
"119",47900,"1980",579053,154081,114023,132652,102920,75377,515213,51882,22875,43582,63798,73375,26564,79798,73093,54428,"county_level",NA,"24031","Montgomery County, MD","County or equivalent"
"120",47900,"1970",522809,189776,86519,103205,93455,49854,NA,NA,NA,NA,NA,NA,NA,NA,NA,NA,"county_level",NA,"24031","Montgomery County, MD","County or equivalent"
"121",47900,"2009",834986,211901,148413,188627,175210,110835,194919,533021,103186,83048,87414,92871,34604,110391,87116,100430,"county_level",NA,"24033","Prince George's County, MD","County or equivalent"
"122",47900,"2013",873481,204322,165809,186483,183953,132914,185930,560653,134192,84246,87379,94661,37155,109816,91655,101970,"county_level",NA,"24033","Prince George's County, MD","County or equivalent"
"123",47900,"2017",905161,203800,163332,188786,189806,159437,170009,572465,157427,86830,86602,94345,38917,103070,100106,103518,"county_level",NA,"24033","Prince George's County, MD","County or equivalent"
"124",47900,"2018",906202,203610,160422,187653,190372,164145,162673,570494,162372,88010,88397,93417,39025,101722,102361,104766,"county_level",NA,"24033","Prince George's County, MD","County or equivalent"
"125",47900,"2000",801515,214522,142542,206294,147495,90662,216774,501431,56813,69004,82673,97043,37930,103461,96063,87126,"county_level",NA,"24033","Prince George's County, MD","County or equivalent"
"126",47900,"1990",729268,178430,170863,195159,111996,72820,314559,369622,30013,55368,75398,94858,32065,90965,92835,73889,"county_level",NA,"24033","Prince George's County, MD","County or equivalent"
"127",47900,"1980",665071,194215,169673,152150,92367,56666,401675,249539,13767,45003,62523,84119,33781,98536,68387,58503,"county_level",NA,"24033","Prince George's County, MD","County or equivalent"
"128",47900,"1970",660567,246074,157074,127666,87663,42090,NA,NA,NA,NA,NA,NA,NA,NA,NA,NA,"county_level",NA,"24033","Prince George's County, MD","County or equivalent"
"129",47900,"2009",206405,33433,52496,56886,37129,26461,147230,16725,34484,39015,28478,18464,4346,18125,21138,51040,"county_level",NA,"51013","Arlington County, VA","County or equivalent"
"130",47900,"2013",214861,34472,53048,60489,38258,28594,153109,17966,32809,38256,30962,20580,4656,19391,24192,50871,"county_level",NA,"51013","Arlington County, VA","County or equivalent"
"131",47900,"2017",229534,39702,49680,66185,41266,32701,164102,20278,35687,40110,33829,23238,5133,22849,25026,54435,"county_level",NA,"51013","Arlington County, VA","County or equivalent"
"132",47900,"2018",231803,40777,49492,66174,41391,33969,165609,20777,36180,40872,34483,24475,4886,23638,25032,56046,"county_level",NA,"51013","Arlington County, VA","County or equivalent"
"133",47900,"2000",189453,30944,45310,55348,34896,22955,130794,17856,35212,35236,27258,18034,5946,16985,22918,46571,"county_level",NA,"51013","Arlington County, VA","County or equivalent"
"134",47900,"1990",170936,25765,43951,52470,23432,25318,130745,17947,23023,30808,26078,17192,4667,14566,23256,40923,"county_level",NA,"51013","Arlington County, VA","County or equivalent"
"135",47900,"1980",152599,24945,41974,36844,23230,25606,133417,14047,8781,28928,24004,14963,3829,13766,22288,35670,"county_level",NA,"51013","Arlington County, VA","County or equivalent"
"136",47900,"1970",174284,41870,45363,29708,35094,22249,NA,NA,NA,NA,NA,NA,NA,NA,NA,NA,"county_level",NA,"51013","Arlington County, VA","County or equivalent"
"137",47900,"2009",14359,3149,1866,2817,3410,3117,12979,861,506,1420,2092,1621,354,1488,2179,1820,"county_level",NA,"51043","Clarke County, VA","County or equivalent"
"138",47900,"2013",14191,3142,1459,2450,3698,3442,12860,753,514,1090,2270,1702,518,1759,2348,1473,"county_level",NA,"51043","Clarke County, VA","County or equivalent"
"139",47900,"2017",14331,3004,1730,2261,3670,3666,12800,703,685,1550,2148,1402,468,1583,2210,1775,"county_level",NA,"51043","Clarke County, VA","County or equivalent"
"140",47900,"2018",14365,3023,1756,2145,3602,3839,12902,687,748,1604,2039,1487,509,1663,2167,1809,"county_level",NA,"51043","Clarke County, VA","County or equivalent"
"141",47900,"2000",12652,2951,1261,3139,2833,2468,11635,854,197,1191,1825,1505,429,1507,2014,1429,"county_level",NA,"51043","Clarke County, VA","County or equivalent"
"142",47900,"1990",12101,2770,1930,3091,2096,2214,10968,1064,29,756,1444,1461,524,1331,1912,942,"county_level",NA,"51043","Clarke County, VA","County or equivalent"
"143",47900,"1980",9965,2711,1755,1958,1610,1931,8789,1144,27,729,1081,1205,470,1276,1366,843,"county_level",NA,"51043","Clarke County, VA","County or equivalent"
"144",47900,"1970",8102,2671,1234,1521,1367,1309,NA,NA,NA,NA,NA,NA,NA,NA,NA,NA,"county_level",NA,"51043","Clarke County, VA","County or equivalent"
"145",47900,"2009",44923,11657,6675,10457,9017,7117,34509,7274,3278,3345,5367,5712,2166,6653,5821,4116,"county_level",NA,"51047","Culpeper County, VA","County or equivalent"
"146",47900,"2013",47330,12114,6534,9620,10365,8697,36347,7071,4169,3349,5499,5376,1815,6100,5894,4045,"county_level",NA,"51047","Culpeper County, VA","County or equivalent"
"147",47900,"2017",49795,12568,6740,9532,10758,10197,38337,7150,4826,3431,5548,5461,2397,6546,6162,4129,"county_level",NA,"51047","Culpeper County, VA","County or equivalent"
"148",47900,"2018",50450,12705,6780,9603,10639,10723,38439,6983,5180,3562,5520,5295,2526,6459,6154,4290,"county_level",NA,"51047","Culpeper County, VA","County or equivalent"
"149",47900,"2000",34262,8764,4790,8863,6255,5590,26868,5880,1042,2503,4102,4204,1342,4267,4761,3123,"county_level",NA,"51047","Culpeper County, VA","County or equivalent"
"150",47900,"1990",27791,7432,4773,7056,4067,4463,22540,4789,191,1822,3062,3651,1192,3724,3744,2259,"county_level",NA,"51047","Culpeper County, VA","County or equivalent"
"151",47900,"1980",22620,6643,4224,4466,3304,3983,18086,4685,196,1401,2215,2815,1147,3114,2921,1543,"county_level",NA,"51047","Culpeper County, VA","County or equivalent"
"152",47900,"1970",18218,6446,2872,3042,2922,2936,NA,NA,NA,NA,NA,NA,NA,NA,NA,NA,"county_level",NA,"51047","Culpeper County, VA","County or equivalent"
"153",47900,"2009",1012751,253279,153555,229242,231664,145011,675361,93552,141343,90592,114133,125406,38108,133185,123529,111525,"county_level",NA,"51059","Fairfax County, VA","County or equivalent"
"154",47900,"2013",1101071,265972,166153,246721,246602,175623,698963,101532,173532,88693,122680,134795,43740,144247,133782,111879,"county_level",NA,"51059","Fairfax County, VA","County or equivalent"
"155",47900,"2017",1142004,271008,168205,249801,247893,205097,713926,110385,184595,87948,123480,138165,43787,144257,137784,111339,"county_level",NA,"51059","Fairfax County, VA","County or equivalent"
"156",47900,"2018",1143529,270503,168901,247717,245059,211349,708761,111026,185551,88669,123063,138771,43944,144313,138481,111653,"county_level",NA,"51059","Fairfax County, VA","County or equivalent"
"157",47900,"2000",969749,245730,140245,262566,211065,110143,676295,81744,106862,75006,113474,119835,42964,130159,122677,98443,"county_level",NA,"51059","Fairfax County, VA","County or equivalent"
"158",47900,"1990",818584,199595,159176,238011,141695,80107,666349,63360,51340,54349,95713,110451,32430,108932,106992,77019,"county_level",NA,"51059","Fairfax County, VA","County or equivalent"
"159",47900,"1980",596901,175228,118040,157987,99548,46098,547802,35430,19983,34872,62173,81588,26975,92161,67574,45873,"county_level",NA,"51059","Fairfax County, VA","County or equivalent"
"160",47900,"1970",455021,179329,80120,99030,73652,22890,NA,NA,NA,NA,NA,NA,NA,NA,NA,NA,"county_level",NA,"51059","Fairfax County, VA","County or equivalent"
"161",47900,"2009",66330,17209,8424,14083,15692,10922,57060,5547,3520,4917,7914,7425,2449,8110,8575,6020,"county_level",NA,"51061","Fauquier County, VA","County or equivalent"
"162",47900,"2013",66015,16300,8090,12197,15917,13511,57759,5088,4344,4750,8184,7577,2619,7993,9260,5877,"county_level",NA,"51061","Fauquier County, VA","County or equivalent"
"163",47900,"2017",68406,16238,8937,12065,15899,15267,59448,5139,5141,5053,8319,7965,2644,8425,9442,6114,"county_level",NA,"51061","Fauquier County, VA","County or equivalent"
"164",47900,"2018",69115,16319,9079,12032,16074,15611,60069,5054,5498,5235,8547,7701,2850,8509,9471,6353,"county_level",NA,"51061","Fauquier County, VA","County or equivalent"
"165",47900,"2000",55139,14802,6202,14098,11852,8185,48643,4646,1131,3706,6887,6935,2361,7230,7978,4681,"county_level",NA,"51061","Fauquier County, VA","County or equivalent"
"166",47900,"1990",48741,13121,8418,12939,7992,6271,42584,5411,688,2497,5347,6530,2110,6427,6903,3154,"county_level",NA,"51061","Fauquier County, VA","County or equivalent"
"167",47900,"1980",35889,10767,6888,7971,5441,4822,30195,5664,190,1805,3298,4586,2014,5126,4457,2120,"county_level",NA,"51061","Fauquier County, VA","County or equivalent"
"168",47900,"1970",26375,9720,4318,4663,4089,3585,NA,NA,NA,NA,NA,NA,NA,NA,NA,NA,"county_level",NA,"51061","Fauquier County, VA","County or equivalent"
"169",47900,"2009",277465,82799,35808,80630,53004,25224,202994,21654,28026,20703,25238,34011,11076,40797,25668,24563,"county_level",NA,"51107","Loudoun County, VA","County or equivalent"
"170",47900,"2013",326477,98726,39318,85615,67975,34843,226884,23821,41283,18297,30079,43174,15447,52171,31222,23604,"county_level",NA,"51107","Loudoun County, VA","County or equivalent"
"171",47900,"2017",374558,108763,45589,93091,80306,46809,250975,28333,50426,20966,34119,48841,17373,57900,36669,26730,"county_level",NA,"51107","Loudoun County, VA","County or equivalent"
"172",47900,"2018",385143,110986,47247,94463,82415,50032,254787,28735,52119,21428,34748,51659,17474,60066,37724,27519,"county_level",NA,"51107","Loudoun County, VA","County or equivalent"
"173",47900,"2000",169599,50436,21917,53802,29876,13568,139951,11541,10117,11079,18877,22632,7333,25790,19484,14647,"county_level",NA,"51107","Loudoun County, VA","County or equivalent"
"174",47900,"1990",86129,23250,16730,25310,13438,7401,77053,6293,2177,5066,10011,12106,3440,12335,11236,7052,"county_level",NA,"51107","Loudoun County, VA","County or equivalent"
"175",47900,"1980",57427,18856,10237,15420,7329,5585,52304,5053,834,2785,5145,7933,2882,9328,5981,3436,"county_level",NA,"51107","Loudoun County, VA","County or equivalent"
"176",47900,"1970",37150,14700,5689,7629,5037,4095,NA,NA,NA,NA,NA,NA,NA,NA,NA,NA,"county_level",NA,"51107","Loudoun County, VA","County or equivalent"
"177",47900,"2009",360910,107074,57231,89770,71275,35560,219690,69860,66648,22173,35847,45997,19740,57572,37891,28294,"county_level",NA,"51153","Prince William County, VA","County or equivalent"
"178",47900,"2013",416668,119246,65777,98392,84416,48837,255662,84675,86314,23233,36833,49334,23042,62031,41415,28996,"county_level",NA,"51153","Prince William County, VA","County or equivalent"
"179",47900,"2017",450763,124872,68783,103423,92946,60739,265523,94217,101042,25703,37824,51992,23787,63419,44804,31083,"county_level",NA,"51153","Prince William County, VA","County or equivalent"
"180",47900,"2018",456749,125952,69361,103651,94589,63196,263741,94758,105050,25954,38863,51599,24057,62914,46061,31498,"county_level",NA,"51153","Prince William County, VA","County or equivalent"
"181",47900,"2000",280813,85432,45077,78818,51073,20413,193069,52873,27266,16101,27678,36699,14184,42506,30918,21238,"county_level",NA,"51153","Prince William County, VA","County or equivalent"
"182",47900,"1990",215686,65727,46082,63626,29798,10453,180042,24942,9403,9095,19398,31579,10181,34408,22725,13120,"county_level",NA,"51153","Prince William County, VA","County or equivalent"
"183",47900,"1980",144703,52400,30879,40564,15336,5524,131037,12111,3345,4644,10456,20745,7980,26132,11440,6253,"county_level",NA,"51153","Prince William County, VA","County or equivalent"
"184",47900,"1970",111102,49195,24358,24256,8889,4404,NA,NA,NA,NA,NA,NA,NA,NA,NA,NA,"county_level",NA,"51153","Prince William County, VA","County or equivalent"
"185",47900,"2009",7171,1497,842,1221,1877,1734,6486,405,91,632,1340,974,130,902,1316,858,"county_level",NA,"51157","Rappahannock County, VA","County or equivalent"
"186",47900,"2013",7448,1416,792,1157,1879,2204,6860,338,240,951,1260,868,182,843,1323,1095,"county_level",NA,"51157","Rappahannock County, VA","County or equivalent"
"187",47900,"2017",7359,1338,870,1062,1622,2467,6721,280,261,875,1285,724,247,727,1427,977,"county_level",NA,"51157","Rappahannock County, VA","County or equivalent"
"188",47900,"2018",7332,1310,901,1011,1589,2521,6617,354,263,899,1128,702,247,704,1257,1015,"county_level",NA,"51157","Rappahannock County, VA","County or equivalent"
"189",47900,"2000",6983,1575,732,1513,1773,1390,6496,348,144,648,1065,838,245,824,1200,772,"county_level",NA,"51157","Rappahannock County, VA","County or equivalent"
"190",47900,"1990",6622,1485,1030,1675,1232,1200,6079,495,47,494,915,886,250,815,1136,594,"county_level",NA,"51157","Rappahannock County, VA","County or equivalent"
"191",47900,"1980",6093,1632,1082,1258,993,1128,5404,689,0,424,685,718,323,770,884,496,"county_level",NA,"51157","Rappahannock County, VA","County or equivalent"
"192",47900,"1970",5199,1850,742,816,905,886,NA,NA,NA,NA,NA,NA,NA,NA,NA,NA,"county_level",NA,"51157","Rappahannock County, VA","County or equivalent"
"193",47900,"2009",118512,34196,17407,27171,24760,14978,91688,17881,7538,7000,13275,14748,5667,18445,13454,8791,"county_level",NA,"51177","Spotsylvania County, VA","County or equivalent"
"194",47900,"2013",124319,33688,17963,25695,27453,19520,93110,19556,9737,7074,13582,14846,6207,17649,15452,8608,"county_level",NA,"51177","Spotsylvania County, VA","County or equivalent"
"195",47900,"2017",130159,33157,19313,25174,29227,23288,94968,20643,11706,8155,13888,15318,5918,16875,16570,9834,"county_level",NA,"51177","Spotsylvania County, VA","County or equivalent"
"196",47900,"2018",131412,33102,19430,25213,29073,24594,95095,21165,12308,7993,14351,15453,5880,16878,16987,9812,"county_level",NA,"51177","Spotsylvania County, VA","County or equivalent"
"197",47900,"2000",90395,27036,12184,23434,17214,10527,74930,10725,2351,5145,9927,12067,4120,13265,11463,6531,"county_level",NA,"51177","Spotsylvania County, VA","County or equivalent"
"198",47900,"1990",57403,17524,9877,16241,7769,5992,50221,6193,926,2502,5608,8147,2721,8923,6747,3308,"county_level",NA,"51177","Spotsylvania County, VA","County or equivalent"
"199",47900,"1980",34435,12062,6735,7998,4212,3428,29075,5092,300,1386,2980,4510,1940,5625,3545,1646,"county_level",NA,"51177","Spotsylvania County, VA","County or equivalent"
"200",47900,"1970",16424,6207,2532,3044,2631,2010,NA,NA,NA,NA,NA,NA,NA,NA,NA,NA,"county_level",NA,"51177","Spotsylvania County, VA","County or equivalent"
"201",47900,"2009",120436,36326,18363,28700,25458,11589,88161,19970,9601,6049,11955,15565,6008,18983,13409,7185,"county_level",NA,"51179","Stafford County, VA","County or equivalent"
"202",47900,"2013",131885,37038,21533,27582,30146,15586,93262,22645,12745,6352,13213,16709,5904,18928,15468,7782,"county_level",NA,"51179","Stafford County, VA","County or equivalent"
"203",47900,"2017",141159,37546,23156,28852,31834,19771,97462,23940,16515,6523,14330,17079,7413,20089,17011,8245,"county_level",NA,"51179","Stafford County, VA","County or equivalent"
"204",47900,"2018",144012,38029,23566,29498,31943,20976,97930,24870,17782,6941,14753,17235,7399,20388,17132,8808,"county_level",NA,"51179","Stafford County, VA","County or equivalent"
"205",47900,"2000",92446,29163,12540,25932,16965,7846,75802,10998,3181,4179,8849,12609,4499,14328,10164,5644,"county_level",NA,"51179","Stafford County, VA","County or equivalent"
"206",47900,"1990",61236,18004,12607,16454,8831,5340,55684,4230,1291,2354,5621,8711,2757,9190,7121,3132,"county_level",NA,"51179","Stafford County, VA","County or equivalent"
"207",47900,"1980",40470,13400,8126,10052,5354,3538,37554,2888,550,1376,3220,5470,2173,6656,4006,1577,"county_level",NA,"51179","Stafford County, VA","County or equivalent"
"208",47900,"1970",24587,8925,5679,4570,3267,2146,NA,NA,NA,NA,NA,NA,NA,NA,NA,NA,"county_level",NA,"51179","Stafford County, VA","County or equivalent"
"209",47900,"2009",36087,8700,5391,7795,8146,6055,33005,1824,1089,3392,5102,4082,1062,4637,4621,4380,"county_level",NA,"51187","Warren County, VA","County or equivalent"
"210",47900,"2013",37836,8940,5233,7455,8945,7263,34562,1554,1379,3366,5438,4266,1317,4718,5455,4214,"county_level",NA,"51187","Warren County, VA","County or equivalent"
"211",47900,"2017",38991,8765,5768,7035,8933,8490,35339,1435,1622,3415,5005,4346,1424,4646,5418,4126,"county_level",NA,"51187","Warren County, VA","County or equivalent"
"212",47900,"2018",39449,8753,6007,6933,9149,8607,35447,1492,1716,3793,4873,4179,1534,4585,5285,4509,"county_level",NA,"51187","Warren County, VA","County or equivalent"
"213",47900,"2000",31584,8081,4232,7853,6186,5232,29024,1835,366,2910,4128,3940,1147,4072,4478,3575,"county_level",NA,"51187","Warren County, VA","County or equivalent"
"214",47900,"1990",26142,6386,4843,6201,4213,4499,24732,1191,281,2176,3359,3477,928,3328,4036,2576,"county_level",NA,"51187","Warren County, VA","County or equivalent"
"215",47900,"1980",21200,5792,3973,4229,3383,3823,20100,1228,226,1594,2587,2723,941,2982,3058,1805,"county_level",NA,"51187","Warren County, VA","County or equivalent"
"216",47900,"1970",15301,4870,2582,2503,2916,2430,NA,NA,NA,NA,NA,NA,NA,NA,NA,NA,"county_level",NA,"51187","Warren County, VA","County or equivalent"
"217",47900,"2009",142131,25230,28808,40579,25848,21666,91633,31039,19746,29207,20326,11142,2185,12170,15952,34738,"county_level",NA,"51510","Alexandria city, VA","County or equivalent"
"218",47900,"2013",143684,24911,27072,43283,27588,20830,92041,31291,23542,28088,20967,13164,3150,13887,17060,34422,"county_level",NA,"51510","Alexandria city, VA","County or equivalent"
"219",47900,"2017",154710,27938,25075,47905,29976,23816,96411,34123,25900,28751,21693,14565,3654,15676,17565,35422,"county_level",NA,"51510","Alexandria city, VA","County or equivalent"
"220",47900,"2018",156505,28663,24955,47994,30283,24610,97091,34246,26247,29189,22415,14674,3701,15659,18370,35950,"county_level",NA,"51510","Alexandria city, VA","County or equivalent"
"221",47900,"2000",128283,21532,27713,39941,23756,15341,76775,28444,18747,26880,19590,11796,3702,12096,16057,33815,"county_level",NA,"51510","Alexandria city, VA","County or equivalent"
"222",47900,"1990",111183,16977,28460,34457,16037,15252,76907,24557,10526,22297,17656,10478,2818,9313,15125,28811,"county_level",NA,"51510","Alexandria city, VA","County or equivalent"
"223",47900,"1980",103217,18849,28438,26487,15846,13597,77544,23396,4251,20071,16283,10139,2745,10142,14143,24953,"county_level",NA,"51510","Alexandria city, VA","County or equivalent"
"224",47900,"1970",110938,30848,31500,18863,18259,11468,NA,NA,NA,NA,NA,NA,NA,NA,NA,NA,"county_level",NA,"51510","Alexandria city, VA","County or equivalent"
"225",47900,"2009",23369,4741,4229,4855,5226,4318,16933,1244,3181,2258,2845,2446,884,2460,3061,2912,"county_level",NA,"51600","Fairfax city, VA","County or equivalent"
"226",47900,"2013",23027,4844,3887,4834,4973,4489,16228,1154,3705,1829,2894,2973,796,2618,3214,2660,"county_level",NA,"51600","Fairfax city, VA","County or equivalent"
"227",47900,"2017",23580,5133,3778,4801,5181,4687,16104,1145,3985,1871,2716,3096,816,2635,3095,2769,"county_level",NA,"51600","Fairfax city, VA","County or equivalent"
"228",47900,"2018",23865,5426,3840,4835,4966,4798,16461,1099,4039,1836,2720,3088,909,2714,3115,2724,"county_level",NA,"51600","Fairfax city, VA","County or equivalent"
"229",47900,"2000",21498,4313,3783,5504,4299,3599,15742,1008,2906,1879,2856,2449,829,2222,3205,2586,"county_level",NA,"51600","Fairfax city, VA","County or equivalent"
"230",47900,"1990",19622,3665,4848,4777,3368,2964,16802,1021,1356,1497,2679,2537,660,2071,2973,2329,"county_level",NA,"51600","Fairfax city, VA","County or equivalent"
"231",47900,"1980",19390,4916,4835,4357,3524,1758,18224,493,467,1292,2169,2651,797,2750,2367,1792,"county_level",NA,"51600","Fairfax city, VA","County or equivalent"
"232",47900,"1970",21970,8937,3903,4551,3380,1199,NA,NA,NA,NA,NA,NA,NA,NA,NA,NA,"county_level",NA,"51600","Fairfax city, VA","County or equivalent"
"233",47900,"2009",11233,2588,1894,1955,2718,2078,8888,572,1053,1321,1339,1174,296,1407,1237,1486,"county_level",NA,"51610","Falls Church city, VA","County or equivalent"
"234",47900,"2013",12731,3205,1737,2766,2716,2307,9804,678,1190,1615,1424,1638,343,1794,1298,1928,"county_level",NA,"51610","Falls Church city, VA","County or equivalent"
"235",47900,"2017",13843,3442,1687,2890,3164,2660,10938,667,1474,1600,1638,1564,506,1747,1722,1839,"county_level",NA,"51610","Falls Church city, VA","County or equivalent"
"236",47900,"2018",14067,3603,1767,2870,3121,2706,11276,670,1501,1476,1566,1724,496,1870,1668,1724,"county_level",NA,"51610","Falls Church city, VA","County or equivalent"
"237",47900,"2000",10377,2444,1208,2550,2507,1668,8875,256,892,1520,1421,1229,302,1362,1257,1853,"county_level",NA,"51610","Falls Church city, VA","County or equivalent"
"238",47900,"1990",9578,1847,1414,2798,1647,1872,8533,266,606,1387,1425,1073,285,986,1504,1680,"county_level",NA,"51610","Falls Church city, VA","County or equivalent"
"239",47900,"1980",9515,1767,1976,2183,1768,1821,9180,263,303,1422,1531,1024,288,1012,1576,1677,"county_level",NA,"51610","Falls Church city, VA","County or equivalent"
"240",47900,"1970",10772,3344,1989,1762,2206,1471,NA,NA,NA,NA,NA,NA,NA,NA,NA,NA,"county_level",NA,"51610","Falls Church city, VA","County or equivalent"
"241",47900,"2009",22314,4482,6829,3733,3081,4189,15596,4691,1723,4021,2718,1786,378,1984,2101,4818,"county_level",NA,"51630","Fredericksburg city, VA","County or equivalent"
"242",47900,"2013",25931,5219,8195,4781,4039,3697,16893,6095,2812,3715,3164,2400,500,2889,2281,4609,"county_level",NA,"51630","Fredericksburg city, VA","County or equivalent"
"243",47900,"2017",28135,5850,8266,5441,4465,4113,18127,6326,3007,3781,3463,2582,593,3006,2695,4718,"county_level",NA,"51630","Fredericksburg city, VA","County or equivalent"
"244",47900,"2018",28469,5952,8160,5587,4494,4276,17834,6307,3062,4039,3422,2549,572,2809,2791,4982,"county_level",NA,"51630","Fredericksburg city, VA","County or equivalent"
"245",47900,"2000",19279,3405,6124,3698,2876,3176,14147,3950,919,3175,2701,1814,396,1766,2176,4144,"county_level",NA,"51630","Fredericksburg city, VA","County or equivalent"
"246",47900,"1990",19027,3517,6439,3558,2215,3298,14441,4116,425,2580,2452,1905,532,1866,2300,3303,"county_level",NA,"51630","Fredericksburg city, VA","County or equivalent"
"247",47900,"1980",15322,2967,4769,2365,2242,2979,12230,3043,102,2028,1962,1513,414,1521,2005,2391,"county_level",NA,"51630","Fredericksburg city, VA","County or equivalent"
"248",47900,"1970",14450,3634,4101,2072,2399,2244,NA,NA,NA,NA,NA,NA,NA,NA,NA,NA,"county_level",NA,"51630","Fredericksburg city, VA","County or equivalent"
"249",47900,"2009",35559,10309,5954,8055,7005,4236,23322,4046,9685,2439,3038,4168,1998,5270,3383,2990,"county_level",NA,"51683","Manassas city, VA","County or equivalent"
"250",47900,"2013",39317,11020,7056,8938,7771,4532,29103,5568,12530,2383,3396,4263,2030,5065,4000,3007,"county_level",NA,"51683","Manassas city, VA","County or equivalent"
"251",47900,"2017",41379,11075,7105,9365,8079,5755,28105,5518,14477,2430,3820,4308,1982,5064,4497,2979,"county_level",NA,"51683","Manassas city, VA","County or equivalent"
"252",47900,"2018",41457,11164,6974,9259,8098,5962,27484,5758,14863,2615,3810,4557,1767,5161,4374,3214,"county_level",NA,"51683","Manassas city, VA","County or equivalent"
"253",47900,"2000",35135,10426,6124,9987,5880,2718,25234,4542,5344,2472,3261,4207,1845,5154,3378,3253,"county_level",NA,"51683","Manassas city, VA","County or equivalent"
"254",47900,"1990",27957,7909,6848,7993,3199,2008,23343,2893,1631,1582,2892,3836,1237,4128,3083,2336,"county_level",NA,"51683","Manassas city, VA","County or equivalent"
"255",47900,"1980",15438,5006,3716,3744,1834,1138,13898,1420,119,776,1417,2141,745,2588,1475,1016,"county_level",NA,"51683","Manassas city, VA","County or equivalent"
"256",47900,"2009",11633,3605,1936,3082,1913,1097,7316,1288,3531,663,1118,1423,582,1712,1219,855,"county_level",NA,"51685","Manassas Park city, VA","County or equivalent"
"257",47900,"2013",15125,4268,2761,3974,2643,1479,10275,2025,5064,957,1067,1679,732,1961,1399,1075,"county_level",NA,"51685","Manassas Park city, VA","County or equivalent"
"258",47900,"2017",16117,4268,2608,4138,3281,1822,10413,2202,6085,977,1152,1588,1061,2162,1342,1274,"county_level",NA,"51685","Manassas Park city, VA","County or equivalent"
"259",47900,"2018",16423,4194,2620,4327,3415,1867,10450,2500,6359,1073,1129,1561,943,2059,1231,1416,"county_level",NA,"51685","Manassas Park city, VA","County or equivalent"
"260",47900,"2000",10290,3178,1904,3150,1397,661,7475,1109,1565,472,902,1260,619,1485,1075,693,"county_level",NA,"51685","Manassas Park city, VA","County or equivalent"
"261",47900,"1990",6734,2138,1683,1683,792,438,5941,501,318,287,607,937,343,992,754,428,"county_level",NA,"51685","Manassas Park city, VA","County or equivalent"
"262",47900,"1980",6524,2505,1762,1203,761,293,6153,286,40,130,404,854,472,1141,523,196,"county_level",NA,"51685","Manassas Park city, VA","County or equivalent"
"263",47900,"2009",50791,12041,7466,11641,11397,8246,45371,3488,1910,4376,6887,6391,1837,6923,6833,5735,"county_level",NA,"54037","Jefferson County, WV","County or equivalent"
"264",47900,"2013",54131,12667,8242,10978,12489,9755,47753,3490,2668,4507,7331,5961,2090,6587,7546,5756,"county_level",NA,"54037","Jefferson County, WV","County or equivalent"
"265",47900,"2017",55673,12692,7914,10650,12501,11916,48726,3669,2972,4771,7500,6336,2201,6997,7691,6120,"county_level",NA,"54037","Jefferson County, WV","County or equivalent"
"266",47900,"2018",56179,12716,7858,10678,12532,12395,48887,3572,3111,4678,7578,6270,2369,6966,7929,6000,"county_level",NA,"54037","Jefferson County, WV","County or equivalent"
"267",47900,"2000",42190,9948,6771,10260,8787,6424,38393,2364,671,3745,5720,5335,1379,5181,6209,4789,"county_level",NA,"54037","Jefferson County, WV","County or equivalent"
"268",47900,"1990",35926,9230,7012,8859,5317,5508,33061,2631,421,2753,4123,4600,1365,4649,4808,3384,"county_level",NA,"54037","Jefferson County, WV","County or equivalent"
"269",47900,"1980",30302,8860,6588,6045,4469,4340,27565,2737,148,1867,3141,3519,1537,4024,3859,2181,"county_level",NA,"54037","Jefferson County, WV","County or equivalent"
"270",47900,"1970",21280,7217,4487,3176,3607,2793,NA,NA,NA,NA,NA,NA,NA,NA,NA,NA,"county_level",NA,"54037","Jefferson County, WV","County or equivalent"
