index,25001,25005,25009,25017,25021,25023,25025,25027,33001,33011,33013,33015,33017,44001,44003,44005,44007,44009,09015,estimate_year
FILEID,ACSSF,ACSSF,ACSSF,ACSSF,ACSSF,ACSSF,ACSSF,ACSSF,ACSSF,ACSSF,ACSSF,ACSSF,ACSSF,ACSSF,ACSSF,ACSSF,ACSSF,ACSSF,ACSSF,2008-2012
FILETYPE,2012e5,2012e5,2012e5,2012e5,2012e5,2012e5,2012e5,2012e5,2012e5,2012e5,2012e5,2012e5,2012e5,2012e5,2012e5,2012e5,2012e5,2012e5,2012e5,2008-2012
STATE,ma,ma,ma,ma,ma,ma,ma,ma,nh,nh,nh,nh,nh,ri,ri,ri,ri,ri,ct,2008-2012
CHARITER,000,000,000,000,000,000,000,000,000,000,000,000,000,000,000,000,000,000,000,2008-2012
SEQUENCE,0003,0003,0003,0003,0003,0003,0003,0003,0003,0003,0003,0003,0003,0003,0003,0003,0003,0003,0003,2008-2012
LOGRECNO,0000010,0000012,0000014,0000018,0000020,0000021,0000022,0000023,0000013,0000018,0000019,0000020,0000021,0000008,0000009,0000010,0000011,0000012,0000019,2008-2012
SUMMARY_LEVEL,050,050,050,050,050,050,050,050,050,050,050,050,050,050,050,050,050,050,050,2008-2012
STATE_FIPS,25,25,25,25,25,25,25,25,33,33,33,33,33,44,44,44,44,44,09,2008-2012
GEO_ID,05000US25001,05000US25005,05000US25009,05000US25017,05000US25021,05000US25023,05000US25025,05000US25027,05000US33001,05000US33011,05000US33013,05000US33015,05000US33017,05000US44001,05000US44003,05000US44005,05000US44007,05000US44009,05000US09015,2008-2012
GEO_NAME,"Barnstable County, Massachusetts","Bristol County, Massachusetts","Essex County, Massachusetts","Middlesex County, Massachusetts","Norfolk County, Massachusetts","Plymouth County, Massachusetts","Suffolk County, Massachusetts","Worcester County, Massachusetts","Belknap County, New Hampshire","Hillsborough County, New Hampshire","Merrimack County, New Hampshire","Rockingham County, New Hampshire","Strafford County, New Hampshire","Bristol County, Rhode Island","Kent County, Rhode Island","Newport County, Rhode Island","Providence County, Rhode Island","Washington County, Rhode Island","Windham County, Connecticut",2008-2012
B01003_1_total,216021,548739,744961,1507558,672078,495407,724502,799277,60206,401101,146742,295872,123295,49796,166066,82503,627414,126692,118046,2008-2012
B01001_1_total,216021,548739,744961,1507558,672078,495407,724502,799277,60206,401101,146742,295872,123295,49796,166066,82503,627414,126692,118046,2008-2012
B01001_2_male,103047,265784,358033,733512,321814,240954,349131,393874,29442,198575,72352,146191,60043,23814,80020,40230,303129,61328,58565,2008-2012
B01001_3_under_5_years,4621,15810,22373,43808,18975,14605,20577,24151,1501,12057,3935,7612,3578,1076,4420,1965,18989,2702,3300,2008-2012
B01001_4_5_to_9_years,4740,16773,23924,45990,21372,17011,17061,25747,1599,12662,4312,8876,3435,1528,4695,2285,18963,3444,3526,2008-2012
B01001_5_10_to_14_years,5893,18163,25442,44488,23036,18111,16518,27974,1956,14314,5063,10882,3797,1435,5348,2497,19625,4034,4223,2008-2012
B01001_6_15_to_17_years,3884,11608,16377,29146,13947,11312,10991,17988,1286,8952,3126,6751,2258,1060,3232,1575,12883,2562,2667,2008-2012
B01001_7_18_and_19_years,2725,8095,10365,22058,8164,6579,15567,12746,708,5394,2216,3537,2850,1098,1833,1241,11321,3064,2064,2008-2012
B01001_8_20_years,1207,3514,4960,11242,3896,2866,9826,6557,317,2848,1223,1533,1627,675,1005,501,6429,1317,1090,2008-2012
B01001_9_21_years,1204,4693,5113,9689,3518,2971,9451,5720,335,2788,1002,1393,1287,384,937,675,6164,1205,1091,2008-2012
B01001_10_22_to_24_years,2983,10158,12689,29627,10811,8232,25334,14679,800,6678,2342,5132,3163,871,2788,1488,13989,2880,2136,2008-2012
B01001_11_25_to_29_years,4465,16243,21332,57048,19566,12091,41671,23607,1501,12437,4193,7555,3869,1132,4891,2335,22291,2685,3563,2008-2012
B01001_12_30_to_34_years,4240,15865,20071,52811,18872,12188,31423,23262,1498,12365,3995,7329,3534,987,4760,2222,19985,2662,3505,2008-2012
B01001_13_35_to_39_years,4558,17026,21415,49498,21536,14578,23293,24974,1764,13191,4299,8531,3622,1402,5275,2459,19175,3395,3730,2008-2012
B01001_14_40_to_44_years,6320,20839,26805,56008,24045,19088,23259,30488,1935,15589,5648,12501,4201,1454,6010,2742,21163,3989,4296,2008-2012
B01001_15_45_to_49_years,7821,21465,29137,58405,27114,20361,21589,32949,2331,17302,6089,13738,4757,1888,6469,3094,22226,4914,4843,2008-2012
B01001_16_50_to_54_years,8445,20479,28708,55062,25781,19401,19854,31824,2558,16646,6241,13456,4648,2029,6864,3137,21708,5079,4719,2008-2012
B01001_17_55_to_59_years,8358,16251,24731,47095,22623,16644,17587,26628,2263,13427,5710,11305,4055,1849,6073,3248,18736,4715,4003,2008-2012
B01001_18_60_and_61_years,3444,7226,8855,16380,8015,6305,6417,9333,1052,4977,1928,4010,1325,569,1936,1223,6915,1759,1277,2008-2012
B01001_19_62_to_64_years,4696,9126,11865,22037,10089,8756,7573,11714,1356,6175,2277,5090,1633,808,2841,1321,8353,2454,1971,2008-2012
B01001_20_65_and_66_years,2918,4857,6819,12014,5807,4886,4264,6905,801,3089,1410,3218,949,466,1818,1019,5081,1515,887,2008-2012
B01001_21_67_to_69_years,3972,6252,7753,15073,7506,5766,5656,7714,993,3877,1764,3316,1226,541,1526,1248,5609,1639,1294,2008-2012
B01001_22_70_to_74_years,5529,7274,9857,18865,8724,7195,7981,9849,977,5330,1980,3897,1536,840,2450,1330,7613,1865,1615,2008-2012
B01001_23_75_to_79_years,4937,6328,8080,15562,7054,5616,5386,7298,781,3884,1645,2879,1225,703,2118,1114,6033,1365,1122,2008-2012
B01001_24_80_to_84_years,3765,4291,5952,11998,6661,3504,4150,6256,596,2560,1038,2033,943,471,1730,846,5429,1265,929,2008-2012
B01001_25_85_years_and_over,2322,3448,5410,9608,4702,2888,3703,5511,534,2033,916,1617,525,548,1001,665,4449,819,714,2008-2012
B01001_26_female,112974,282955,386928,774046,350264,254453,375371,405403,30764,202526,74390,149681,63252,25982,86046,42273,324285,65364,59481,2008-2012
B01001_27_under_5_years,4375,15242,21150,42050,18386,13744,19864,22688,1507,11599,3620,7417,3138,1056,3758,1912,18145,2781,3106,2008-2012
B01001_28_5_to_9_years,4798,16349,22981,44434,20984,16445,16450,24770,1813,12728,4298,9424,3480,1574,4692,1872,16942,3691,3306,2008-2012
B01001_29_10_to_14_years,5411,17079,24094,42677,21349,16960,15901,26379,1624,12875,4340,9596,3347,1494,4710,2495,19607,3576,3785,2008-2012
B01001_30_15_to_17_years,3511,11010,15534,27618,13181,10675,10725,16959,1264,8469,3085,6489,2200,918,3223,1525,12304,2445,2341,2008-2012
B01001_31_18_and_19_years,1971,7772,10024,21135,8336,6304,17884,11869,659,5025,2152,3168,3555,1023,1545,1344,11881,3459,2208,2008-2012
B01001_32_20_years,859,4516,4993,10008,4451,3247,12126,5505,334,2910,1070,1325,2463,521,857,573,6505,1464,863,2008-2012
B01001_33_21_years,881,4061,4590,10293,4645,2923,9414,5470,257,2249,1027,1463,1630,448,935,362,5968,1560,993,2008-2012
B01001_34_22_to_24_years,2831,9475,12856,29399,11253,7097,26003,14320,768,6637,2324,4413,2690,841,2740,1544,14164,2151,2098,2008-2012
B01001_35_25_to_29_years,4284,16489,21580,57494,21026,12079,43757,23187,1597,12374,3944,7128,3670,1066,4711,2149,22265,2560,3410,2008-2012
B01001_36_30_to_34_years,4268,16637,21584,53016,20213,12838,31668,23631,1612,12348,4009,7622,3543,1049,4900,1996,20503,2837,3427,2008-2012
B01001_37_35_to_39_years,5406,18257,24601,50753,22075,15539,24413,26565,1730,14165,4617,9670,4009,1475,5378,2524,20018,3350,3624,2008-2012
B01001_38_40_to_44_years,6641,21259,27861,57832,26355,20424,22661,30875,2116,14757,5355,12457,4154,1750,6344,3026,22028,4544,4486,2008-2012
B01001_39_45_to_49_years,8482,22209,31725,60584,28483,21331,21850,33122,2419,17370,6178,14113,4865,2190,7166,3206,23255,5303,4816,2008-2012
B01001_40_50_to_54_years,9233,21555,30915,57871,27666,20374,21266,31710,2735,16520,6421,13525,4740,2215,7472,3410,23350,5468,4792,2008-2012
B01001_41_55_to_59_years,9449,18885,26409,48912,24454,18542,19383,27375,2520,13524,5960,11134,4239,1923,6190,3726,19935,5043,3769,2008-2012
B01001_42_60_and_61_years,3861,7136,10443,19359,8765,6991,7366,9048,927,4610,2089,4272,1452,760,2414,1207,7328,1868,1570,2008-2012
B01001_43_62_to_64_years,5863,8974,13253,25033,10980,9204,9421,12451,1438,6911,2338,5429,1640,806,3277,1374,9508,2431,2145,2008-2012
B01001_44_65_and_66_years,3460,5636,7150,13901,6649,5583,5533,7171,822,3786,1348,3103,1080,594,1652,1129,5216,1362,1245,2008-2012
B01001_45_67_to_69_years,4872,6679,8722,17163,8692,6797,6330,8632,843,4037,2011,3894,1265,711,2122,1094,6834,1673,1169,2008-2012
B01001_46_70_to_74_years,6550,9077,13110,24118,11084,8089,10186,12025,1123,6005,2269,4243,1922,821,3317,1724,10026,2458,1981,2008-2012
B01001_47_75_to_79_years,6234,8087,10980,20951,10315,6591,8018,10639,956,4850,2088,3565,1539,989,2970,1305,8971,1748,1380,2008-2012
B01001_48_80_to_84_years,5076,6996,9768,18752,9637,5823,7225,8948,840,4145,1682,3252,1447,655,2414,1166,8665,1657,1150,2008-2012
B01001_49_85_years_and_over,4658,9575,12605,20693,11285,6853,7927,12064,860,4632,2165,2979,1184,1103,3259,1610,10867,1935,1817,2008-2012
B02001_1_total,216021,548739,744961,1507558,672078,495407,724502,799277,60206,401101,146742,295872,123295,49796,166066,82503,627414,126692,118046,2008-2012
B02001_2_white_alone,201956,491011,605090,1216987,553604,426413,406050,692860,58087,366151,140170,283117,115715,47716,155004,74951,463095,118920,108037,2008-2012
B02001_3_black_or_african_american_alone,4538,20034,26816,69773,39518,41590,161767,32407,396,8321,1517,2284,1098,199,2593,3046,57061,1812,2233,2008-2012
B02001_4_american_indian_and_alaska_native_alone,835,950,1189,1927,908,832,2344,1580,81,635,248,335,263,68,196,100,3339,1081,337,2008-2012
B02001_5_asian_alone,2409,10516,23986,142527,59147,6429,60415,32096,680,13390,2249,5134,3054,737,3905,1262,23660,2299,1420,2008-2012
B02001_6_native_hawaiian_and_other_pacific_islander_alone,8,41,115,619,51,89,329,207,0,120,26,37,0,0,0,178,172,0,44,2008-2012
B02001_7_some_other_race_alone,2265,13600,71917,38998,8459,10926,51418,21264,121,5522,345,1110,719,124,1800,609,60792,966,2864,2008-2012
B02001_8_two_or_more_races,4010,12587,15848,36727,10391,9128,42179,18863,841,6962,2187,3855,2446,952,2568,2357,19295,1614,3111,2008-2012
B02001_9_two_races_including_some_other_race,459,3063,4161,6664,1509,2163,6538,3877,121,925,83,324,143,88,579,193,5360,267,385,2008-2012
"B02001_10_two_races_excluding_some_other_race,_and_three_or_more_races",3551,9524,11687,30063,8882,6965,35641,14986,720,6037,2104,3531,2303,864,1989,2164,13935,1347,2726,2008-2012
B11001_1_total,95520,209532,285144,579209,257138,179863,287442,299350,25127,153747,57224,115552,46821,19317,68722,34729,238523,49348,43909,2008-2012
B11001_2_family_households,59744,139359,189387,369928,169105,127215,140113,201432,17190,104156,38335,81230,30114,12913,43037,21532,145896,32722,29811,2008-2012
B11001_3_married-couple_family,47963,99637,137994,294857,135918,97472,80259,151603,13455,81429,30694,67256,23420,10586,32658,17012,96733,26392,21973,2008-2012
B11001_4_other_family,11781,39722,51393,75071,33187,29743,59854,49829,3735,22727,7641,13974,6694,2327,10379,4520,49163,6330,7838,2008-2012
"B11001_5_male_householder,_no_wife_present",2864,9510,13041,18366,8059,7358,12966,13387,1020,6663,2048,4406,1969,484,3013,1096,11718,1861,2393,2008-2012
"B11001_6_female_householder,_no_husband_present",8917,30212,38352,56705,25128,22385,46888,36442,2715,16064,5593,9568,4725,1843,7366,3424,37445,4469,5445,2008-2012
B11001_7_nonfamily_households,35776,70173,95757,209281,88033,52648,147329,97918,7937,49591,18889,34322,16707,6404,25685,13197,92627,16626,14098,2008-2012
B11001_8_householder_living_alone,30656,57801,79957,161608,71926,43101,107116,79335,6563,37969,14614,26167,11849,5140,21553,10928,74994,13122,11180,2008-2012
B11001_9_householder_not_living_alone,5120,12372,15800,47673,16107,9547,40213,18583,1374,11622,4275,8155,4858,1264,4132,2269,17633,3504,2918,2008-2012
B15002_1_total,164127,374421,507496,1043896,465774,336325,470810,535755,43478,272916,101607,206861,78797,33794,119348,58649,413535,84357,79249,2008-2012
B15002_2_male,75790,176970,236790,497464,218095,159267,223806,258312,20940,132882,49133,100475,38048,15687,55762,28003,194766,40120,38468,2008-2012
B15002_3_no_schooling_completed,410,3776,2846,5819,1932,1041,4527,2541,136,895,235,378,234,412,481,234,4525,358,462,2008-2012
B15002_4_nursery_to_4th_grade,109,3821,2336,2589,613,873,3904,1168,50,390,111,70,85,298,105,29,3147,18,190,2008-2012
B15002_5_5th_and_6th_grade,242,2494,2559,3851,1137,827,5691,1641,88,981,65,134,80,105,159,65,3868,88,350,2008-2012
B15002_6_7th_and_8th_grade,579,5770,4882,5753,2156,2024,5923,4905,549,2233,616,1140,870,239,808,395,7164,334,1282,2008-2012
B15002_7_9th_grade,476,4244,3319,4624,1657,1493,3880,3598,270,1858,694,1031,567,146,966,281,4378,606,596,2008-2012
B15002_8_10th_grade,761,5632,3705,5957,2483,2911,4277,5938,732,2368,1165,1443,681,373,1426,368,6716,694,996,2008-2012
B15002_9_11th_grade,967,4880,3618,5077,1720,3010,4496,5589,539,2071,1052,1383,752,172,1016,442,5750,502,1257,2008-2012
"B15002_10_12th_grade,_no_diploma",948,3673,3886,6792,3048,2139,5392,4057,268,2313,716,1051,449,235,807,271,4273,769,860,2008-2012
"B15002_11_high_school_graduate,_ged,_or_alternative",20076,56617,62750,109627,48656,50219,54799,77662,6418,35953,14716,28895,11611,3493,17068,6391,56156,9644,15340,2008-2012
"B15002_12_some_college,_less_than_1_year",4577,9186,11796,18917,9533,9931,7841,14396,1371,7531,2488,6299,2253,584,3079,1357,9667,1919,1977,2008-2012
"B15002_13_some_college,_1_or_more_years,_no_degree",10466,18911,28667,49174,23608,20024,24220,28749,2787,16535,6975,13103,5448,1722,7879,3246,23608,5020,4925,2008-2012
B15002_14_associate's_degree,5752,13130,16433,25068,13760,12164,9076,19733,1813,11442,4735,8316,3291,1122,5208,1894,13183,2981,2367,2008-2012
B15002_15_bachelor's_degree,17603,30266,53206,129204,59107,34226,51186,53886,3726,30614,9684,24045,7185,4004,10715,7348,32552,10165,4691,2008-2012
B15002_16_master's_degree,8010,10115,25009,76401,28732,13300,22716,24050,1485,13196,3783,9707,3246,1510,4073,4054,12092,4393,2082,2008-2012
B15002_17_professional_school_degree,2812,2855,7368,20608,11696,3493,9504,5946,403,2550,1276,2000,533,819,1350,981,4668,1409,604,2008-2012
B15002_18_doctorate_degree,2002,1600,4410,28003,8257,1592,6374,4453,305,1952,822,1480,763,453,622,647,3019,1220,489,2008-2012
B15002_19_female,88337,197451,270706,546432,247679,177058,247004,277443,22538,140034,52474,106386,40749,18107,63586,30646,218769,44237,40781,2008-2012
B15002_20_no_schooling_completed,338,4466,3850,7598,1958,1384,6454,3039,113,1160,215,502,263,317,502,200,4904,283,403,2008-2012
B15002_21_nursery_to_4th_grade,111,4401,2287,3249,850,778,3766,1567,42,569,10,92,87,275,150,28,4141,103,230,2008-2012
B15002_22_5th_and_6th_grade,250,2389,2954,4338,1507,773,5518,2285,48,766,77,152,127,101,348,204,3864,119,274,2008-2012
B15002_23_7th_and_8th_grade,405,7115,5694,6253,2258,2063,6559,5171,383,2838,549,771,845,295,749,310,7274,298,1075,2008-2012
B15002_24_9th_grade,798,4186,3426,4650,1610,1663,3896,4053,195,1619,492,799,473,151,1110,519,5723,527,549,2008-2012
B15002_25_10th_grade,592,5387,3994,5549,2190,2321,4408,5126,485,1873,850,1104,552,205,1316,312,5926,525,1093,2008-2012
B15002_26_11th_grade,606,4194,4250,5748,2192,2053,4756,4161,367,2134,624,1351,704,286,1176,452,6521,630,1030,2008-2012
"B15002_27_12th_grade,_no_diploma",891,3528,3495,6239,2677,2134,5098,3675,194,1584,478,980,417,277,741,316,3571,384,538,2008-2012
"B15002_28_high_school_graduate,_ged,_or_alternative",20268,55173,71539,118840,54407,51551,59239,74416,6835,38225,14464,29073,11634,4270,20169,6864,60693,10259,14167,2008-2012
"B15002_29_some_college,_less_than_1_year",5961,13017,14964,22683,11317,10574,8637,17534,1596,8826,3533,7353,2571,929,3511,1913,12685,2389,3004,2008-2012
"B15002_30_some_college,_1_or_more_years,_no_degree",13166,24910,34008,52682,25878,23857,28000,34935,3219,17826,7127,13000,5380,2164,8672,4098,30324,5592,5451,2008-2012
B15002_31_associate's_degree,9870,19015,25267,38903,23620,19605,13769,28875,2635,14599,5646,12552,5138,1375,6731,2802,18247,4294,3447,2008-2012
B15002_32_bachelor's_degree,20980,32065,56779,139102,66477,37569,53359,57230,4509,31432,11568,24576,7802,3992,11253,7788,32678,11385,5575,2008-2012
B15002_33_master's_degree,11081,14952,29979,95931,37096,16855,30510,28444,1482,13775,5303,11554,3736,2705,5718,3658,17069,5981,3107,2008-2012
B15002_34_professional_school_degree,1786,1613,5449,18105,8158,2647,8490,3869,302,1691,1025,1469,496,478,930,896,2981,833,409,2008-2012
B15002_35_doctorate_degree,1234,1040,2771,16562,5484,1231,4545,3063,133,1117,513,1058,524,287,510,286,2168,635,429,2008-2012
B19001_1_total,95520,209532,285144,579209,257138,179863,287442,299350,25127,153747,57224,115552,46821,19317,68722,34729,238523,49348,43909,2008-2012
"B19001_2_less_than_$10,000",4901,14063,17398,27350,11723,7298,34981,16533,1297,6193,2279,3546,2670,1118,3906,1896,23013,1933,2394,2008-2012
"B19001_3_$10,000_to_$14,999",4547,14630,15443,22455,9424,7425,20479,14820,1091,5269,2279,3290,2352,1026,3306,1526,16151,1622,2264,2008-2012
"B19001_4_$15,000_to_$19,999",4334,11037,12552,19568,8317,6400,14866,13745,1244,6233,2171,3093,1674,755,2947,1356,14068,1995,2229,2008-2012
"B19001_5_$20,000_to_$24,999",4228,10336,11729,20164,8202,6439,12529,13009,1277,6060,2811,4183,2149,788,2936,1310,13044,1758,1934,2008-2012
"B19001_6_$25,000_to_$29,999",4435,9179,11682,18758,7478,6010,10713,11161,1121,6694,2780,3664,2361,723,3139,1268,11679,1981,1880,2008-2012
"B19001_7_$30,000_to_$34,999",4406,9211,11622,18390,8513,7092,11448,12705,1364,5508,2571,4634,2292,883,2945,1446,11233,1631,1941,2008-2012
"B19001_8_$35,000_to_$39,999",4019,8825,10524,17892,7662,6311,10676,11475,970,5597,2441,3878,1855,738,2614,1223,11004,2132,1976,2008-2012
"B19001_9_$40,000_to_$44,999",4927,8779,10115,19617,8151,6226,11817,11954,1197,6738,2467,4817,2341,593,3264,1409,11419,1861,2377,2008-2012
"B19001_10_$45,000_to_$49,999",4056,8235,9989,16422,8084,6463,10471,11143,1229,5432,2126,3923,2355,677,2521,1217,9066,1855,1510,2008-2012
"B19001_11_$50,000_to_$59,999",7625,16313,18857,36835,16360,12741,19864,20619,2419,11937,4392,7890,3934,1203,5850,2604,17871,3878,3895,2008-2012
"B19001_12_$60,000_to_$74,999",10121,19992,26282,50858,22486,17863,25265,30569,3040,15496,6142,12160,4804,1794,7705,3251,22529,4755,4526,2008-2012
"B19001_13_$75,000_to_$99,999",13200,26908,37491,76803,31915,26374,32245,41663,3267,22808,9234,17629,6633,2179,9992,5032,29190,6964,7049,2008-2012
"B19001_14_$100,000_to_$124,999",9089,19730,27303,64584,29096,20582,22786,30660,2196,17067,6233,14397,4141,2113,6683,3807,18839,5828,3879,2008-2012
"B19001_15_$125,000_to_$149,999",5084,12465,19747,46498,21242,13949,14826,20509,1324,11521,3628,9402,2809,1456,4239,2478,11126,3609,2657,2008-2012
"B19001_16_$150,000_to_$199,999",5691,11761,21724,57372,26302,15225,16172,22067,1260,11731,3245,10784,2574,1600,3852,2425,10040,4170,2266,2008-2012
"B19001_17_$200,000_or_more",4857,8068,22686,65643,32183,13465,18304,16718,831,9463,2425,8262,1877,1671,2823,2481,8251,3376,1132,2008-2012
B19013_1_median_household_income_in_the_past_12_months_(in_2012_inflation-adjusted_dollars),60424,55995,66918,81420,84087,74722,52700,65968,57163,70472,65487,77939,58538,71086,61884,69826,49213,72391,58489,2008-2012
B25001_1_total,160020,230269,306322,611338,270235,199885,314385,326345,37312,165960,63397,126644,51678,20785,73633,41724,264255,62206,48996,2008-2012
B25003_1_total,95520,209532,285144,579209,257138,179863,287442,299350,25127,153747,57224,115552,46821,19317,68722,34729,238523,49348,43909,2008-2012
B25003_2_owner_occupied,76307,133310,183078,366125,179413,139016,102742,198725,19080,104710,41226,89320,31293,13856,49007,21599,129640,37115,31028,2008-2012
B25003_3_renter_occupied,19213,76222,102066,213084,77725,40847,184700,100625,6047,49037,15998,26232,15528,5461,19715,13130,108883,12233,12881,2008-2012
B25024_1_total,160020,230269,306322,611338,270235,199885,314385,326345,37312,165960,63397,126644,51678,20785,73633,41724,264255,62206,48996,2008-2012
"B25024_2_1,_detached",131946,122293,154742,298215,156637,141022,42993,185946,27125,94600,41598,81559,29363,14082,49551,26427,116187,48069,32416,2008-2012
"B25024_3_1,_attached",4881,9452,18593,37571,12525,7670,18090,18343,772,10126,2590,9368,1844,497,2266,2113,8805,1681,1733,2008-2012
B25024_4_2,5075,23044,36021,81586,20639,11668,46464,27597,1570,13671,3410,6464,3006,2122,3962,4199,37762,3886,3427,2008-2012
B25024_5_3_or_4,6015,35064,34470,54760,16218,12170,77041,39978,1787,12635,3254,5177,3763,1957,4021,3406,47657,2689,4090,2008-2012
B25024_6_5_to_9,4795,17313,16842,31742,15139,7043,35044,17960,1719,8372,3096,5139,3518,826,3007,1688,17249,1776,3097,2008-2012
B25024_7_10_to_19,2377,7704,12774,28685,12725,6048,24894,12981,630,6801,2409,3897,1437,494,4062,1016,10491,1070,1159,2008-2012
B25024_8_20_to_49,1949,4510,14734,31297,13214,3709,26482,8238,476,11682,2247,5587,2177,363,2114,841,7967,772,529,2008-2012
B25024_9_50_or_more,1847,7896,16182,44949,21954,5579,42888,12754,369,4564,1157,1781,1450,444,3197,1198,16905,1185,608,2008-2012
B25024_10_mobile_home,1104,2993,1921,2469,1149,4976,400,2499,2857,3485,3636,7636,5120,0,1453,820,1193,1078,1937,2008-2012
"B25024_11_boat,_rv,_van,_etc.",31,0,43,64,35,0,89,49,7,24,0,36,0,0,0,16,39,0,0,2008-2012
B25077_1_median_value_(dollars),373600,287800,354700,401300,393000,339100,362600,267600,224600,258000,237500,288500,224000,345300,231800,369300,236700,331300,219300,2008-2012
B25034_1_total,160020,230269,306322,611338,270235,199885,314385,326345,37312,165960,63397,126644,51678,20785,73633,41724,264255,62206,48996,2008-2012
B25034_2_built_2010_or_later,140,305,349,1190,409,444,492,493,29,259,151,461,99,23,20,107,182,144,93,2008-2012
B25034_3_built_2000_to_2009,11727,15237,20347,42067,19359,18128,20210,27284,4811,16113,7871,15683,7234,997,4597,3196,12343,6420,4484,2008-2012
B25034_4_built_1990_to_1999,15611,20973,20835,40195,19728,17855,12156,31048,4259,16135,6592,16589,5130,1288,5416,3688,13512,8032,4501,2008-2012
B25034_5_built_1980_to_1989,34197,24833,31699,59075,28527,23817,18517,40128,7411,33577,12147,27753,9563,2131,8469,4496,24647,10269,7590,2008-2012
B25034_6_built_1970_to_1979,33106,28388,29739,63449,32990,32656,23352,36264,4807,26745,8842,21450,6823,2157,11220,5306,27636,9535,6325,2008-2012
B25034_7_built_1960_to_1969,20374,22156,31204,69056,32056,24559,24093,26958,3498,15958,4728,11980,5082,2426,9326,4626,26865,7463,5514,2008-2012
B25034_8_built_1950_to_1959,17667,21936,34622,76403,39440,23397,22938,35482,3211,12647,4336,9331,4413,3194,12368,4243,30505,6169,4523,2008-2012
B25034_9_built_1940_to_1949,7158,14385,16897,35950,19076,9866,18597,20454,1851,7274,2241,4918,2114,1551,5764,2693,20099,2734,2185,2008-2012
B25034_10_built_1939_or_earlier,20040,82056,120630,223953,78650,49163,174030,108234,7435,37252,16489,18479,11220,7018,16453,13369,108466,11440,13781,2008-2012
B25127_1_total,95520,209532,285144,579209,257138,179863,287442,299350,25127,153747,57224,115552,46821,19317,68722,34729,238523,49348,43909,2008-2012
B25127_2_owner_occupied,76307,133310,183078,366125,179413,139016,102742,198725,19080,104710,41226,89320,31293,13856,49007,21599,129640,37115,31028,2008-2012
B25127_3_built_2000_or_later,6898,12018,11879,22422,10920,13786,6290,22399,2876,11960,6189,12555,5073,742,2845,1683,7629,4298,3954,2008-2012
"B25127_4_1,_detached__or_attached",6430,11144,9415,17472,8715,12297,2044,21156,2641,10785,5788,10401,4292,664,2430,1510,6467,4052,3607,2008-2012
B25127_5_2_to_4,237,277,533,1550,230,357,1193,639,7,285,68,283,45,0,169,10,423,46,44,2008-2012
B25127_6_5_to_19,9,179,375,886,558,230,662,241,0,203,34,217,8,59,74,0,512,76,27,2008-2012
B25127_7_20_to_49,40,32,551,1129,363,170,604,148,26,201,18,537,24,6,40,9,69,40,0,2008-2012
B25127_8_50_or_more,107,53,784,1297,977,249,1778,98,0,199,0,64,0,13,0,0,95,40,0,2008-2012
"B25127_9_mobile_home,_boat,_rv,_van,_etc.",75,333,221,88,77,483,9,117,202,287,281,1053,704,0,132,154,63,44,276,2008-2012
B25127_10_built_1980_to_1999,28340,33060,37016,66712,33649,33554,9452,53969,6525,36015,13366,33941,10445,2826,10252,5187,22144,12855,8853,2008-2012
"B25127_11_1,_detached__or_attached",26734,29611,31106,55284,27574,29403,4223,49615,5466,30908,11716,29821,7869,2717,8509,4721,19044,12103,8184,2008-2012
B25127_12_2_to_4,838,915,1879,2644,1141,512,1712,1468,102,1176,201,814,135,59,313,177,1041,363,54,2008-2012
B25127_13_5_to_19,465,1198,1748,3601,2122,1081,1113,1500,87,1152,176,736,198,36,460,65,1379,104,160,2008-2012
B25127_14_20_to_49,167,201,988,2017,669,308,802,362,20,1303,70,259,31,0,241,22,196,0,0,2008-2012
B25127_15_50_or_more,41,165,984,2633,1863,275,1587,168,0,164,75,49,0,14,27,17,245,26,9,2008-2012
"B25127_16_mobile_home,_boat,_rv,_van,_etc.",95,970,311,533,280,1975,15,856,850,1312,1128,2262,2212,0,702,185,239,259,446,2008-2012
B25127_17_built_1960_to_1979,24999,32517,37751,78268,39176,40609,10536,38007,3869,28930,9174,23313,7028,3327,13804,5222,28977,10440,7572,2008-2012
"B25127_18_1,_detached__or_attached",23896,29710,32637,66562,33052,37280,5195,34834,3215,26151,7649,20025,5723,3185,12794,4733,26642,9763,6845,2008-2012
B25127_19_2_to_4,441,806,1610,2215,1060,459,1986,888,43,590,140,520,61,46,269,94,981,296,126,2008-2012
B25127_20_5_to_19,311,596,1449,3374,1744,1064,688,903,71,428,37,458,79,96,276,175,611,69,21,2008-2012
B25127_21_20_to_49,207,220,715,2463,1384,125,873,486,0,512,0,212,8,0,117,4,242,24,0,2008-2012
B25127_22_50_or_more,89,201,631,2545,1452,84,1761,207,0,123,0,0,29,0,57,17,94,0,0,2008-2012
"B25127_23_mobile_home,_boat,_rv,_van,_etc.",55,984,709,1109,484,1597,33,689,540,1126,1348,2098,1128,0,291,199,407,288,580,2008-2012
B25127_24_built_1940_to_1959,8835,21375,34473,77528,44387,22832,13611,36618,2377,13146,4048,8965,3988,3604,13874,3632,31538,4560,4558,2008-2012
"B25127_25_1,_detached__or_attached",8528,19894,31649,72418,42119,22251,9250,34777,2314,12410,3954,8645,3860,3473,13675,3488,29240,4482,4420,2008-2012
B25127_26_2_to_4,154,1367,2206,3450,1167,490,2911,1511,22,637,41,209,38,123,139,130,2182,60,92,2008-2012
B25127_27_5_to_19,107,14,331,719,444,39,593,52,0,61,24,9,0,8,24,0,9,0,0,2008-2012
B25127_28_20_to_49,8,26,93,413,318,16,376,69,0,15,0,12,0,0,0,0,40,0,0,2008-2012
B25127_29_50_or_more,8,27,48,418,258,0,429,59,0,0,13,0,0,0,10,14,9,0,0,2008-2012
"B25127_30_mobile_home,_boat,_rv,_van,_etc.",30,47,146,110,81,36,52,150,41,23,16,90,90,0,26,0,58,18,46,2008-2012
B25127_31_built_1939_or_earlier,7235,34340,61959,121195,51281,28235,62853,47732,3433,14659,8449,10546,4759,3357,8232,5875,39352,4962,6091,2008-2012
"B25127_32_1,_detached__or_attached",6514,23756,45407,83435,41278,24095,23967,36278,3043,11415,7434,9069,4158,2671,7194,4825,25818,4232,5269,2008-2012
B25127_33_2_to_4,485,10033,14261,32978,7650,3690,28137,10679,335,2919,837,1137,522,642,975,898,12467,674,759,2008-2012
B25127_34_5_to_19,169,463,1386,2577,1364,270,6694,391,32,150,19,220,53,31,19,131,486,25,0,2008-2012
B25127_35_20_to_49,27,16,647,1241,537,99,2346,166,13,48,0,53,14,13,44,12,236,0,17,2008-2012
B25127_36_50_or_more,32,72,251,880,404,57,1683,154,10,113,159,51,0,0,0,0,310,0,21,2008-2012
"B25127_37_mobile_home,_boat,_rv,_van,_etc.",8,0,7,84,48,24,26,64,0,14,0,16,12,0,0,9,35,31,25,2008-2012
B25127_38_renter_occupied,19213,76222,102066,213084,77725,40847,184700,100625,6047,49037,15998,26232,15528,5461,19715,13130,108883,12233,12881,2008-2012
B25127_39_built_2000_or_later,1437,2851,7150,17176,7352,3124,12209,4043,431,3333,1371,2299,1721,167,1360,927,3828,1215,340,2008-2012
"B25127_40_1,_detached__or_attached",638,673,829,1565,612,551,1172,1186,212,672,376,552,359,77,240,431,829,186,90,2008-2012
B25127_41_2_to_4,388,417,990,2321,772,623,2634,926,40,435,153,361,331,29,124,232,929,247,202,2008-2012
B25127_42_5_to_19,111,726,1592,3313,1771,744,1683,753,41,518,346,558,343,16,507,134,767,489,0,2008-2012
B25127_43_20_to_49,107,463,1645,2946,1403,475,1456,474,81,1084,321,470,360,12,167,48,432,63,0,2008-2012
B25127_44_50_or_more,177,555,2094,7018,2764,701,5228,646,0,557,130,260,221,33,322,82,871,230,40,2008-2012
"B25127_45_mobile_home,_boat,_rv,_van,_etc.",16,17,0,13,30,30,36,58,57,67,45,98,107,0,0,0,0,0,8,2008-2012
B25127_46_built_1980_to_1999,4559,10005,13233,28160,12752,5836,19654,14256,1576,10846,4186,7977,3293,499,3108,2079,13964,2771,2512,2008-2012
"B25127_47_1,_detached__or_attached",2329,1859,2093,3933,1478,1319,2288,2615,575,1923,778,1828,479,134,512,707,1325,996,527,2008-2012
B25127_48_2_to_4,732,2740,3049,5834,2183,1512,5311,2930,327,1949,710,1696,616,126,397,587,3834,588,576,2008-2012
B25127_49_5_to_19,712,2828,3140,7078,3362,1539,3439,3911,344,2384,1558,2140,1011,112,1014,152,3165,396,839,2008-2012
B25127_50_20_to_49,273,1001,2006,3906,1819,508,2683,1885,130,3165,752,1575,726,38,241,122,1870,226,219,2008-2012
B25127_51_50_or_more,460,1497,2888,7305,3856,892,5909,2751,66,1316,128,425,274,89,913,391,3750,498,145,2008-2012
"B25127_52_mobile_home,_boat,_rv,_van,_etc.",53,80,57,104,54,66,24,164,134,109,260,313,187,0,31,120,20,67,206,2008-2012
B25127_53_built_1960_to_1979,7228,14956,19748,48130,22827,11986,33841,21499,1346,11967,3124,7325,3456,926,5824,3192,22201,3049,2963,2008-2012
"B25127_54_1,_detached__or_attached",3935,2582,2535,5215,2122,3286,2518,3379,325,2449,580,1503,482,75,937,930,2574,1319,620,2008-2012
B25127_55_2_to_4,1334,4590,5288,10265,4310,2495,8382,4918,298,2266,734,1597,779,356,597,1070,5674,808,804,2008-2012
B25127_56_5_to_19,1258,4549,5594,13783,6914,3302,8002,7486,398,3398,777,1751,972,324,2163,561,5383,446,982,2008-2012
B25127_57_20_to_49,328,1049,2637,7226,3385,996,4073,1601,52,2955,503,1564,510,151,776,298,2414,170,153,2008-2012
B25127_58_50_or_more,314,1957,3575,11453,6085,1791,10713,3984,106,735,268,401,455,20,1233,249,5957,254,252,2008-2012
"B25127_59_mobile_home,_boat,_rv,_van,_etc.",59,229,119,188,11,116,153,131,167,164,262,509,258,0,118,84,199,52,152,2008-2012
B25127_60_built_1940_to_1959,2893,12282,14249,30843,12166,5907,25233,14822,732,5105,1383,3121,2010,874,3016,2247,15931,1758,1564,2008-2012
"B25127_61_1,_detached__or_attached",1573,2809,3342,6090,3418,2594,1801,3742,262,1298,481,1198,411,277,1320,1084,3397,997,486,2008-2012
B25127_62_2_to_4,942,6104,5858,13820,4351,1839,10362,6377,223,2437,375,1139,889,434,809,820,8271,527,856,2008-2012
B25127_63_5_to_19,113,2331,3176,6017,2600,823,7974,3041,200,982,292,467,520,135,506,177,2306,169,153,2008-2012
B25127_64_20_to_49,98,378,735,2291,912,295,2753,679,18,225,100,203,72,0,215,75,784,36,37,2008-2012
B25127_65_50_or_more,158,603,1095,2618,885,356,2284,926,20,155,78,92,113,28,154,80,1147,21,25,2008-2012
"B25127_66_mobile_home,_boat,_rv,_van,_etc.",9,57,43,7,0,0,59,57,9,8,57,22,5,0,12,11,26,8,7,2008-2012
B25127_67_built_1939_or_earlier,3096,36128,47686,88775,22628,13994,93763,46005,1962,17786,5934,5510,5048,2995,6407,4685,52959,3440,5502,2008-2012
"B25127_68_1,_detached__or_attached",1491,3059,5811,13510,3794,2454,5614,6053,535,1773,1193,1541,897,487,1450,1460,4517,923,997,2008-2012
B25127_69_2_to_4,1118,22568,27338,51297,11036,8081,48375,27017,957,10177,2577,2094,2328,1895,2970,2224,35481,1731,2993,2008-2012
B25127_70_5_to_19,452,7883,8022,13826,4790,2560,23530,8802,362,4132,1613,1304,1272,371,1346,747,8806,596,1369,2008-2012
B25127_71_20_to_49,15,691,3464,4946,1508,511,8646,1561,65,998,309,299,259,84,202,77,1151,87,103,2008-2012
B25127_72_50_or_more,20,1901,2987,5196,1500,388,7560,2572,43,700,242,272,292,158,420,177,3004,75,40,2008-2012
"B25127_73_mobile_home,_boat,_rv,_van,_etc.",0,26,64,0,0,0,38,0,0,6,0,0,0,0,19,0,0,28,0,2008-2012
B11003_1_total,59744,139359,189387,369928,169105,127215,140113,201432,17190,104156,38335,81230,30114,12913,43037,21532,145896,32722,29811,2008-2012
B11003_2_married-couple_family,47963,99637,137994,294857,135918,97472,80259,151603,13455,81429,30694,67256,23420,10586,32658,17012,96733,26392,21973,2008-2012
B11003_3_with_own_children_under_18_years,13776,39970,60286,135349,62797,42671,32131,67962,4564,34761,11343,28323,9574,4277,13107,6182,39433,9747,8434,2008-2012
B11003_4_under_6_years_only,3075,7701,14986,36657,15221,8552,11425,14610,1235,7888,2743,5528,2287,743,2871,1139,9119,1868,1850,2008-2012
B11003_5_under_6_years_and_6_to_17_years,2240,7848,10108,23236,11250,8355,5902,12290,631,6028,1928,4857,1568,686,2258,1401,7610,1743,1609,2008-2012
B11003_6_6_to_17_years_only,8461,24421,35192,75456,36326,25764,14804,41062,2698,20845,6672,17938,5719,2848,7978,3642,22704,6136,4975,2008-2012
B11003_7_no_own_children_under_18_years,34187,59667,77708,159508,73121,54801,48128,83641,8891,46668,19351,38933,13846,6309,19551,10830,57300,16645,13539,2008-2012
B11003_8_other_family,11781,39722,51393,75071,33187,29743,59854,49829,3735,22727,7641,13974,6694,2327,10379,4520,49163,6330,7838,2008-2012
"B11003_9_male_householder,_no_wife_present",2864,9510,13041,18366,8059,7358,12966,13387,1020,6663,2048,4406,1969,484,3013,1096,11718,1861,2393,2008-2012
B11003_10_with_own_children_under_18_years,1113,4398,5648,6768,3390,3438,4985,6014,667,3653,1149,1990,1272,181,1463,654,5308,799,1358,2008-2012
B11003_11_under_6_years_only,166,1367,1276,2095,853,633,1550,1471,113,840,330,265,333,49,489,193,1546,92,489,2008-2012
B11003_12_under_6_years_and_6_to_17_years,204,634,735,640,410,360,601,618,137,431,110,157,205,13,117,72,1006,38,149,2008-2012
B11003_13_6_to_17_years_only,743,2397,3637,4033,2127,2445,2834,3925,417,2382,709,1568,734,119,857,389,2756,669,720,2008-2012
B11003_14_no_own_children_under_18_years,1751,5112,7393,11598,4669,3920,7981,7373,353,3010,899,2416,697,303,1550,442,6410,1062,1035,2008-2012
"B11003_15_female_householder,_no_husband_present",8917,30212,38352,56705,25128,22385,46888,36442,2715,16064,5593,9568,4725,1843,7366,3424,37445,4469,5445,2008-2012
B11003_16_with_own_children_under_18_years,4884,17959,21638,28482,12133,11914,27414,21265,1781,10019,3479,5273,2682,912,3699,1998,22929,2286,3245,2008-2012
B11003_17_under_6_years_only,714,3554,4196,5328,2153,1822,5315,4440,275,2182,703,852,690,138,630,451,4428,276,687,2008-2012
B11003_18_under_6_years_and_6_to_17_years,622,3168,4073,3916,1399,1994,5732,3313,281,1739,477,653,417,122,572,190,5070,329,732,2008-2012
B11003_19_6_to_17_years_only,3548,11237,13369,19238,8581,8098,16367,13512,1225,6098,2299,3768,1575,652,2497,1357,13431,1681,1826,2008-2012
B11003_20_no_own_children_under_18_years,4033,12253,16714,28223,12995,10471,19474,15177,934,6045,2114,4295,2043,931,3667,1426,14516,2183,2200,2008-2012
B25075_1_total,76307,133310,183078,366125,179413,139016,102742,198725,19080,104710,41226,89320,31293,13856,49007,21599,129640,37115,31028,2008-2012
"B25075_2_less_than_$10,000",95,415,363,558,333,309,103,256,108,160,119,316,138,19,47,23,231,109,93,2008-2012
"B25075_3_$10,000_to_$14,999",87,158,123,201,106,209,107,355,120,213,264,264,180,5,121,39,222,93,61,2008-2012
"B25075_4_$15,000_to_$19,999",150,421,331,330,200,275,51,653,112,367,329,444,275,9,289,35,444,82,286,2008-2012
"B25075_5_$20,000_to_$24,999",195,732,274,575,264,380,138,685,121,411,378,509,241,26,204,98,551,105,176,2008-2012
"B25075_6_$25,000_to_$29,999",186,611,609,659,292,399,228,753,221,359,251,408,325,41,324,83,428,104,266,2008-2012
"B25075_7_$30,000_to_$34,999",188,448,515,920,373,488,278,424,39,232,253,258,281,37,92,44,378,153,152,2008-2012
"B25075_8_$35,000_to_$39,999",179,248,428,670,250,288,189,278,78,160,122,333,224,19,39,119,97,87,11,2008-2012
"B25075_9_$40,000_to_$49,999",132,303,584,969,628,518,244,452,280,303,308,674,495,6,97,34,295,96,145,2008-2012
"B25075_10_$50,000_to_$59,999",118,341,464,723,266,416,200,566,178,356,280,583,383,27,177,92,357,88,247,2008-2012
"B25075_11_$60,000_to_$69,999",193,259,362,635,234,420,306,647,141,286,314,445,314,0,322,48,351,88,159,2008-2012
"B25075_12_$70,000_to_$79,999",115,559,356,562,157,477,154,714,167,696,318,393,342,33,209,30,659,38,127,2008-2012
"B25075_13_$80,000_to_$89,999",128,435,476,747,207,529,185,870,228,543,298,650,530,10,343,66,867,10,265,2008-2012
"B25075_14_$90,000_to_$99,999",120,647,581,637,327,685,398,1230,225,844,289,578,471,0,361,73,1154,46,359,2008-2012
"B25075_15_$100,000_to_$124,999",644,2474,2366,3325,1128,1842,1068,4991,759,2820,1738,1856,900,72,1592,265,4543,373,1344,2008-2012
"B25075_16_$125,000_to_$149,999",522,2265,2928,3640,1082,1985,1088,6136,987,3194,1463,2277,1333,117,2034,237,5912,290,1870,2008-2012
"B25075_17_$150,000_to_$174,999",1288,5649,5618,6397,2592,4132,2318,13224,1886,7230,3057,3837,2630,178,5129,560,12594,902,3895,2008-2012
"B25075_18_$175,000_to_$199,999",1423,7093,5240,6834,3280,4679,2539,15667,2168,8284,4149,4352,3284,524,5543,558,13675,1211,3440,2008-2012
"B25075_19_$200,000_to_$249,999",7333,23773,18867,23882,12604,16329,10715,39420,3504,22539,8922,14402,6862,1690,11908,1898,30077,5076,6797,2008-2012
"B25075_20_$250,000_to_$299,999",9597,26266,24705,34721,19203,20555,12828,34250,2433,21068,7511,15679,4781,2351,7130,2802,22976,6732,4649,2008-2012
"B25075_21_$300,000_to_$399,999",20999,35328,48240,95230,49679,37299,29124,42415,2861,21120,6844,21343,4399,3898,7010,5334,19447,9184,4292,2008-2012
"B25075_22_$400,000_to_$499,999",11162,13404,27494,67311,30174,20329,16650,17884,921,7651,1929,9632,1700,2000,2969,2968,7339,4946,1228,2008-2012
"B25075_23_$500,000_to_$749,999",12367,8823,28564,75119,33185,17709,14761,12863,729,4219,1349,6884,787,1694,2132,3367,4939,4592,784,2008-2012
"B25075_24_$750,000_to_$999,999",4355,1555,7836,23411,11256,5193,3901,2618,421,827,305,1884,211,462,414,1379,1199,1322,105,2008-2012
"B25075_25_$1,000,000_or_more",4731,1103,5754,18069,11593,3571,5169,1374,393,828,436,1319,207,638,521,1447,905,1388,277,2008-2012
B03002_1_total,216021,548739,744961,1507558,672078,495407,724502,799277,60206,401101,146742,295872,123295,49796,166066,82503,627414,126692,118046,2008-2012
B03002_2_not_hispanic_or_latino,211242,515602,621681,1408517,649808,479509,580032,724118,59436,379710,144334,289523,121019,48775,160637,78953,509208,123582,106714,2008-2012
B03002_3_white_alone,198702,470779,565929,1160104,540382,417678,348562,646235,57506,351250,138263,278258,114270,46904,151808,72500,415657,116933,100538,2008-2012
B03002_4_black_or_african_american_alone,4406,17739,20564,65529,37666,39833,146857,29665,349,7750,1485,2042,1044,199,2339,2847,47471,1739,2007,2008-2012
B03002_5_american_indian_and_alaska_native_alone,774,418,741,1356,514,631,1126,1029,81,454,144,327,160,5,180,51,2405,1031,218,2008-2012
B03002_6_asian_alone,2409,10460,23632,141896,58874,6326,60104,31960,680,13368,2243,5109,3019,720,3824,1252,23346,2278,1376,2008-2012
B03002_7_native_hawaiian_and_other_pacific_islander_alone,8,24,107,573,35,69,156,201,0,120,26,37,0,0,0,152,101,0,44,2008-2012
B03002_8_some_other_race_alone,1354,5409,2827,10296,2622,6555,8383,2442,63,827,200,215,180,43,309,261,6410,158,238,2008-2012
B03002_9_two_or_more_races,3589,10773,7881,28763,9715,8417,14844,12586,757,5941,1973,3535,2346,904,2177,1890,13818,1443,2293,2008-2012
B03002_10_two_races_including_some_other_race,313,2576,623,3733,1095,1720,2516,1023,75,374,24,111,86,79,329,89,2512,128,154,2008-2012
"B03002_11_two_races_excluding_some_other_race,_and_three_or_more_races",3276,8197,7258,25030,8620,6697,12328,11563,682,5567,1949,3424,2260,825,1848,1801,11306,1315,2139,2008-2012
B03002_12_hispanic_or_latino,4779,33137,123280,99041,22270,15898,144470,75159,770,21391,2408,6349,2276,1021,5429,3550,118206,3110,11332,2008-2012
B03002_13_white_alone,3254,20232,39161,56883,13222,8735,57488,46625,581,14901,1907,4859,1445,812,3196,2451,47438,1987,7499,2008-2012
B03002_14_black_or_african_american_alone,132,2295,6252,4244,1852,1757,14910,2742,47,571,32,242,54,0,254,199,9590,73,226,2008-2012
B03002_15_american_indian_and_alaska_native_alone,61,532,448,571,394,201,1218,551,0,181,104,8,103,63,16,49,934,50,119,2008-2012
B03002_16_asian_alone,0,56,354,631,273,103,311,136,0,22,6,25,35,17,81,10,314,21,44,2008-2012
B03002_17_native_hawaiian_and_other_pacific_islander_alone,0,17,8,46,16,20,173,6,0,0,0,0,0,0,0,26,71,0,0,2008-2012
B03002_18_some_other_race_alone,911,8191,69090,28702,5837,4371,43035,18822,58,4695,145,895,539,81,1491,348,54382,808,2626,2008-2012
B03002_19_two_or_more_races,421,1814,7967,7964,676,711,27335,6277,84,1021,214,320,100,48,391,467,5477,171,818,2008-2012
B03002_20_two_races_including_some_other_race,146,487,3538,2931,414,443,4022,2854,46,551,59,213,57,9,250,104,2848,139,231,2008-2012
"B03002_21_two_races_excluding_some_other_race,_and_three_or_more_races",275,1327,4429,5033,262,268,23313,3423,38,470,155,107,43,39,141,363,2629,32,587,2008-2012
B25063_1_total,19213,76222,102066,213084,77725,40847,184700,100625,6047,49037,15998,26232,15528,5461,19715,13130,108883,12233,12881,2008-2012
B25063_2_with_cash_rent,17239,73712,98711,206897,74527,38774,180592,96394,5556,47500,15378,24980,15041,5160,19028,12533,105938,11472,12031,2008-2012
B25063_3_less_than_$100,8,265,377,657,228,64,1590,338,14,87,114,28,57,0,57,96,968,23,48,2008-2012
B25063_4_$100_to_$149,87,570,604,759,348,197,1854,561,0,97,40,73,85,25,72,135,752,16,129,2008-2012
B25063_5_$150_to_$199,309,782,1284,1615,529,307,2086,854,48,549,173,238,147,0,246,37,1480,99,240,2008-2012
B25063_6_$200_to_$249,336,2548,4075,5036,1807,1228,8914,3313,171,805,428,303,310,80,846,376,5613,247,203,2008-2012
B25063_7_$250_to_$299,358,2227,3213,3531,1996,1187,4924,2253,81,762,240,313,307,72,523,386,3036,251,301,2008-2012
B25063_8_$300_to_$349,396,2027,2237,3533,1282,739,4005,2199,138,853,278,360,155,101,248,215,3060,279,200,2008-2012
B25063_9_$350_to_$399,388,1789,1897,3099,1436,760,4073,2076,143,587,208,179,141,52,244,209,2201,238,266,2008-2012
B25063_10_$400_to_$449,423,1534,1931,3008,1057,608,2874,2058,191,472,136,199,283,90,342,172,1747,218,368,2008-2012
B25063_11_$450_to_$499,254,2356,1327,2334,713,553,2051,1758,144,309,179,332,182,64,267,182,1890,197,224,2008-2012
B25063_12_$500_to_$549,279,2653,2057,2590,1378,567,2834,2151,97,569,301,283,181,120,273,195,2196,388,324,2008-2012
B25063_13_$550_to_$599,191,3334,1543,2146,829,673,2097,2261,162,897,239,291,183,374,440,185,2604,196,404,2008-2012
B25063_14_$600_to_$649,310,3489,2040,2699,987,631,2416,3393,229,848,701,308,396,134,409,277,3446,282,389,2008-2012
B25063_15_$650_to_$699,457,4091,1921,2960,862,731,2479,3584,283,1314,625,539,315,312,476,353,4352,257,524,2008-2012
B25063_16_$700_to_$749,307,4458,2383,3684,1097,800,2438,4757,264,1517,602,666,480,213,618,224,5156,507,748,2008-2012
B25063_17_$750_to_$799,421,4540,3050,4128,1422,983,3149,5324,349,1949,1208,893,735,261,690,330,5217,575,689,2008-2012
B25063_18_$800_to_$899,1125,8884,7883,9672,3430,2428,6848,11263,929,4801,1900,2012,2552,582,2077,653,12963,997,1423,2008-2012
B25063_19_$900_to_$999,1385,7680,9164,11684,4025,3717,7996,11881,487,5499,2073,3506,2461,736,2139,701,12212,1008,1792,2008-2012
"B25063_20_$1,000_to_$1,249",3533,11333,22586,37751,14077,8315,27540,19625,997,13031,3042,6216,3175,796,4337,2539,21095,2743,2488,2008-2012
"B25063_21_$1,250_to_$1,499",3113,5096,14361,35378,11852,5845,29425,8732,523,5800,1467,3923,1289,542,2207,1621,9051,1223,677,2008-2012
"B25063_22_$1,500_to_$1,999",2877,3169,11088,46492,15917,6130,36918,5994,252,5159,963,3214,1197,330,2070,1828,5442,1279,357,2008-2012
"B25063_23_$2,000_or_more",682,887,3690,24141,9255,2311,24081,2019,54,1595,461,1104,410,276,447,1819,1457,449,237,2008-2012
B25063_24_no_cash_rent,1974,2510,3355,6187,3198,2073,4108,4231,491,1537,620,1252,487,301,687,597,2945,761,850,2008-2012
B25071_1_median_gross_rent_as_a_percentage_of_household_income,34.4,29.6,31.4,28.4,29.3,31.8,31.4,29.2,28.1,29.8,30.6,28.8,31.8,33.4,30.2,28.6,30.9,29.2,29.4,2008-2012
B25036_1_total,95520,209532,285144,579209,257138,179863,287442,299350,25127,153747,57224,115552,46821,19317,68722,34729,238523,49348,43909,2008-2012
B25036_2_owner_occupied,76307,133310,183078,366125,179413,139016,102742,198725,19080,104710,41226,89320,31293,13856,49007,21599,129640,37115,31028,2008-2012
B25036_3_built_2010_or_later,121,174,303,779,305,232,171,264,29,180,128,297,66,15,13,29,104,86,47,2008-2012
B25036_4_built_2000_to_2009,6777,11844,11576,21643,10615,13554,6119,22135,2847,11780,6061,12258,5007,727,2832,1654,7525,4212,3907,2008-2012
B25036_5_built_1990_to_1999,10017,16165,15098,28734,14698,15787,3220,25251,2229,12666,4584,13554,3720,926,4274,2417,8613,6262,3392,2008-2012
B25036_6_built_1980_to_1989,18323,16895,21918,37978,18951,17767,6232,28718,4296,23349,8782,20387,6725,1900,5978,2770,13531,6593,5461,2008-2012
B25036_7_built_1970_to_1979,16384,17879,16690,32842,16583,22300,3716,20095,2550,17448,5951,14755,4282,1400,6931,2617,12835,5935,3786,2008-2012
B25036_8_built_1960_to_1969,8615,14638,21061,45426,22593,18309,6820,17912,1319,11482,3223,8558,2746,1927,6873,2605,16142,4505,3786,2008-2012
B25036_9_built_1950_to_1959,6221,14074,24671,55819,30928,16673,8137,25316,1536,9284,2685,6130,2794,2528,9873,2480,19928,3288,3187,2008-2012
B25036_10_built_1940_to_1949,2614,7301,9802,21709,13459,6159,5474,11302,841,3862,1363,2835,1194,1076,4001,1152,11610,1272,1371,2008-2012
B25036_11_built_1939_or_earlier,7235,34340,61959,121195,51281,28235,62853,47732,3433,14659,8449,10546,4759,3357,8232,5875,39352,4962,6091,2008-2012
B25036_12_renter_occupied,19213,76222,102066,213084,77725,40847,184700,100625,6047,49037,15998,26232,15528,5461,19715,13130,108883,12233,12881,2008-2012
B25036_13_built_2010_or_later,19,105,46,411,104,212,286,229,0,79,23,124,33,8,7,78,58,58,46,2008-2012
B25036_14_built_2000_to_2009,1418,2746,7104,16765,7248,2912,11923,3814,431,3254,1348,2175,1688,159,1353,849,3770,1157,294,2008-2012
B25036_15_built_1990_to_1999,1282,3708,4796,9932,4434,1584,8335,4720,700,2696,1501,2300,1024,273,978,1008,4421,793,892,2008-2012
B25036_16_built_1980_to_1989,3277,6297,8437,18228,8318,4252,11319,9536,876,8150,2685,5677,2269,226,2130,1071,9543,1978,1620,2008-2012
B25036_17_built_1970_to_1979,4914,8744,11032,27097,14447,8188,18174,13881,883,8234,2173,5137,1792,509,3789,1874,13263,1789,1657,2008-2012
B25036_18_built_1960_to_1969,2314,6212,8716,21033,8380,3798,15667,7618,463,3733,951,2188,1664,417,2035,1318,8938,1260,1306,2008-2012
B25036_19_built_1950_to_1959,2036,6385,8120,17984,7177,3768,13329,8022,545,2435,825,1793,1267,483,1783,1330,8817,1118,930,2008-2012
B25036_20_built_1940_to_1949,857,5897,6129,12859,4989,2139,11904,6800,187,2670,558,1328,743,391,1233,917,7114,640,634,2008-2012
B25036_21_built_1939_or_earlier,3096,36128,47686,88775,22628,13994,93763,46005,1962,17786,5934,5510,5048,2995,6407,4685,52959,3440,5502,2008-2012
