"ZCTA","STATE","COUNTY","NAME","LSAD","new_constructions","existing_constructions","total_single_family_households_since_2000","total_single_family_households","new_existing_constructions_ratio","share_single_family_new_constructions","area_type","brks","CENSUSAREA","zcta_area","intersected_area","percent_intersected_area","AFFGEOID10","GEOID10","ALAND10","AWATER10"
"20001",11,"001","District of Columbia",NA,5515,12743,30,5660,0.43,0.01,"Urban","0.29",61.048,5795010.17681645,5795010.17681645,1,"8600000US20001","20001",5655793,159593
"20002",11,"001","District of Columbia",NA,3411,21970,218,11982,0.16,0.06,"Urban","0.29",61.048,14223802.9300222,14223802.9300222,1,"8600000US20002","20002",13605793,596109
"20003",11,"001","District of Columbia",NA,3042,9122,392,5734,0.33,0.13,"Urban","0.29",61.048,6467487.2306837,6467487.2306837,1,"8600000US20003","20003",5809903,709427
"20004",11,"001","District of Columbia",NA,488,660,0,8,0.74,0,"Urban","0",61.048,894694.938347777,894694.938347777,1,"8600000US20004","20004",901029,0
"20005",11,"001","District of Columbia",NA,1845,6330,21,389,0.29,0.01,"Urban","0.29",61.048,1132684.48341241,1132684.48341241,1,"8600000US20005","20005",1103657,0
"20006",11,"001","District of Columbia",NA,35,633,0,12,0.06,0,"Urban","0",61.048,918103.727879524,918103.727879524,1,"8600000US20006","20006",879526,0
"20007",11,"001","District of Columbia",NA,300,11570,98,5402,0.03,0.33,"Urban","0.83",61.048,9147943.9090405,9147950.30093496,1.00000069872471,"8600000US20007","20007",7775138,1302727
"20008",11,"001","District of Columbia",NA,611,14746,114,3118,0.04,0.19,"Urban","0.29",61.048,7934014.35088521,7934014.35088521,1,"8600000US20008","20008",7871408,33133
"20009",11,"001","District of Columbia",NA,3075,23915,132,3905,0.13,0.04,"Urban","0.29",61.048,3440816.01026237,3440816.01026237,1,"8600000US20009","20009",3404526,25629
"20010",11,"001","District of Columbia",NA,1247,11515,34,3985,0.11,0.03,"Urban","0.29",61.048,2810689.6595735,2810689.6595735,1,"8600000US20010","20010",2804363,16260
"20011",11,"001","District of Columbia",NA,903,23461,91,13979,0.04,0.1,"Urban","0.29",61.048,12660480.7999454,12660466.3018587,0.999998854854972,"8600000US20011","20011",12622333,106750
"20012",11,"001","District of Columbia",NA,311,5587,38,3542,0.06,0.12,"Urban","0.29",61.048,5803079.64819336,5803097.15997553,1.00000301767048,"8600000US20012","20012",5863171,67558
"20015",11,"001","District of Columbia",NA,386,6082,62,4666,0.06,0.16,"Urban","0.29",61.048,8925388.95455337,8924431.45925066,0.999892722288341,"8600000US20015","20015",8930808,12516
"20016",11,"001","District of Columbia",NA,695,13374,288,6968,0.05,0.41,"Urban","0.83",61.048,11927452.3369294,11927441.3502834,0.999999078877388,"8600000US20016","20016",11493912,405987
"20017",11,"001","District of Columbia",NA,655,7129,344,4817,0.09,0.53,"Urban","0.83",61.048,5705564.79410224,5705551.60867786,0.999997689023813,"8600000US20017","20017",5724414,746
"20018",11,"001","District of Columbia",NA,862,6991,323,4876,0.12,0.37,"Urban","0.83",61.048,7834941.73360515,7834941.73360515,1,"8600000US20018","20018",7813169,32774
"20019",11,"001","District of Columbia",NA,2489,20683,956,10373,0.12,0.38,"Urban","0.83",61.048,16827648.5829098,16827435.0886675,0.999987312889187,"8600000US20019","20019",16230019,537698
"20020",11,"001","District of Columbia",NA,2122,19181,988,7618,0.11,0.47,"Urban","0.83",61.048,12317651.7462729,12317671.4594769,1.00000160040277,"8600000US20020","20020",11944740,342579
"20024",11,"001","District of Columbia",NA,762,6397,171,1740,0.12,0.22,"Urban","0.29",61.048,8788245.60274657,8788252.55867532,1.00000079150368,"8600000US20024","20024",6767066,2007554
"20032",11,"001","District of Columbia",NA,1886,12625,1219,4712,0.15,0.65,"Urban","0.83",61.048,13737595.2373034,13737612.5314884,1.00000125889464,"8600000US20032","20032",13610561,195978
"20036",11,"001","District of Columbia",NA,135,3834,0,257,0.04,0,"Urban","0",61.048,832414.929835184,832414.929835184,1,"8600000US20036","20036",862180,0
"20037",11,"001","District of Columbia",NA,1240,5547,13,346,0.22,0.01,"Urban","0.29",61.048,2564839.71776638,2564839.71776641,1.00000000000001,"8600000US20037","20037",1663896,854279
"20045",11,"001","District of Columbia",NA,0,0,0,0,-1,-1,"Urban","-1",61.048,27708.9541533281,27708.9541533281,1,"8600000US20045","20045",27766,0
"20052",11,"001","District of Columbia",NA,0,0,0,0,-1,-1,"Urban","-1",61.048,7060.79088071734,7060.79088071734,1,"8600000US20052","20052",7062,0
"20053",11,"001","District of Columbia",NA,0,0,0,0,-1,-1,"Urban","-1",61.048,101139.7661466,101139.7661466,1,"8600000US20053","20053",85365,0
"20057",11,"001","District of Columbia",NA,0,0,0,0,-1,-1,"Urban","-1",61.048,447112.521534041,447112.521534041,1,"8600000US20057","20057",440236,0
"20064",11,"001","District of Columbia",NA,0,0,0,0,-1,-1,"Urban","-1",61.048,503538.589174271,503538.589174271,1,"8600000US20064","20064",505997,0
"20105",51,"107","Loudoun","County",4321,708,4045,4720,6.1,0.94,"Exurban","1",515.561,97119079.0998353,97004788.6431253,0.998823192540854,"8600000US20105","20105",96122624,996440
"20106",51,"157","Rappahannock","County",423,1636,423,2053,0.26,1,"Exurban","1",266.227,156828290.307925,101331747.071177,0.646131809970106,"8600000US20106","20106",155983325,835831
"20109",51,"153","Prince William","County",1929,10985,893,7070,0.18,0.46,"Exurban","0.83",336.402,53259552.8967605,53133263.054666,0.997628785161992,"8600000US20109","20109",52713583,516401
"20110",51,"683","Manassas","city",1595,12297,1136,10232,0.13,0.71,"Exurban","0.83",9.881,32848976.9884208,25526980.8689419,0.77710124360768,"8600000US20110","20110",32714537,219226
"20111",51,"153","Prince William","County",2198,7448,1265,7965,0.3,0.58,"Exurban","0.83",336.402,43187325.9312187,36504679.6342006,0.845263716775122,"8600000US20111","20111",42034529,1135750
"20112",51,"153","Prince William","County",2157,5762,2146,7883,0.37,0.99,"Exurban","1",336.402,102604482.941789,102552670.614641,0.999495028621923,"8600000US20112","20112",101236072,1362071
"20115",51,"061","Fauquier","County",549,1722,531,2183,0.32,0.97,"Exurban","1",647.449,247617805.868171,247544566.35354,0.999704223553819,"8600000US20115","20115",246466294,1185476
"20117",51,"107","Loudoun","County",143,940,129,987,0.15,0.9,"Exurban","1",515.561,117310616.073202,104360495.844761,0.889608283871254,"8600000US20117","20117",116011542,1293238
"20118",51,"107","Loudoun","County",0,2,0,2,0,-1,"Exurban","-1",515.561,15748.1495354176,15748.1495354176,1,"8600000US20118","20118",26677,0
"20119",51,"061","Fauquier","County",212,1333,212,1514,0.16,1,"Exurban","1",647.449,167151256.383886,166398389.636649,0.995495895373303,"8600000US20119","20119",166023971,1103147
"20120",51,"059","Fairfax","County",2140,11588,1732,11649,0.18,0.81,"Suburban","0.83",390.969,45250137.9581774,42799755.290802,0.945848061951983,"8600000US20120","20120",44493598,781323
"20121",51,"059","Fairfax","County",923,9047,723,7268,0.1,0.78,"Suburban","0.83",390.969,23666921.2475722,23478121.1243254,0.992022615815895,"8600000US20121","20121",22428447,1228933
"20124",51,"059","Fairfax","County",466,4476,466,4707,0.1,1,"Suburban","1",390.969,56845352.6750546,56681335.6055222,0.997114679356993,"8600000US20124","20124",55077404,1750607
"20129",51,"107","Loudoun","County",86,146,86,232,0.59,1,"Exurban","1",515.561,8311214.88040271,8311214.88040271,1,"8600000US20129","20129",8317295,30850
"20130",51,"043","Clarke","County",0,84,0,84,0,-1,"Exurban","-1",176.177,21512093.4984629,15897963.6058444,0.739024475092594,"8600000US20130","20130",21462054,50240
"20132",51,"107","Loudoun","County",2186,3071,2071,4928,0.71,0.95,"Exurban","1",515.561,216575002.744151,216569086.82411,0.999972684197317,"8600000US20132","20132",214741110,1937174
"20135",51,"043","Clarke","County",150,1038,150,1180,0.14,1,"Exurban","1",176.177,117057876.965921,63317510.1761835,0.540907727163182,"8600000US20135","20135",115393095,1646416
"20136",51,"153","Prince William","County",6289,2496,6219,8634,2.52,0.99,"Exurban","1",336.402,38577440.6440332,38567532.2454556,0.999743155626391,"8600000US20136","20136",37943843,669717
"20137",51,"061","Fauquier","County",55,405,55,460,0.14,1,"Exurban","1",647.449,44751073.5333103,31640824.1925751,0.70704056225653,"8600000US20137","20137",44555821,206190
"20139",51,"061","Fauquier","County",13,87,13,100,0.15,1,"Exurban","1",647.449,8457067.85334306,8457067.85334306,1,"8600000US20139","20139",8476252,17201
"20141",51,"107","Loudoun","County",789,1172,789,1955,0.67,1,"Exurban","1",515.561,71254887.2575333,71254887.2575333,0.999999999999999,"8600000US20141","20141",70525722,753046
"20143",51,"153","Prince William","County",135,240,135,375,0.56,1,"Exurban","1",336.402,20120551.5760258,20075520.5680601,0.997761939686617,"8600000US20143","20143",19917250,205363
"20144",51,"061","Fauquier","County",40,346,40,386,0.12,1,"Exurban","1",647.449,104623848.026386,104623848.026386,1,"8600000US20144","20144",104142679,444184
"20147",51,"107","Loudoun","County",9018,12003,6703,15877,0.75,0.74,"Exurban","0.83",515.561,52295060.5249333,52295059.0638,0.999999972059821,"8600000US20147","20147",51505928,816469
"20148",51,"107","Loudoun","County",10915,2098,9497,11288,5.2,0.87,"Exurban","1",515.561,43752935.2469335,43752935.2469335,1,"8600000US20148","20148",42137821,1606219
"20151",51,"059","Fairfax","County",967,5438,712,5935,0.18,0.74,"Suburban","0.83",390.969,40521056.7368755,40521056.7368755,1,"8600000US20151","20151",40146050,351268
"20152",51,"107","Loudoun","County",6510,2904,6356,8928,2.24,0.98,"Exurban","1",515.561,65363017.1169919,65148750.9270165,0.996721904841205,"8600000US20152","20152",64505251,868182
"20155",51,"153","Prince William","County",7968,3108,7173,10097,2.56,0.9,"Exurban","1",336.402,77263032.5696195,77231880.0481379,0.999596799136075,"8600000US20155","20155",74755738,2408083
"20158",51,"107","Loudoun","County",534,850,508,1348,0.63,0.95,"Exurban","1",515.561,37915130.8496085,37915130.8496085,1,"8600000US20158","20158",37682342,221823
"20164",51,"107","Loudoun","County",657,11675,456,10527,0.06,0.69,"Exurban","0.83",515.561,19264591.4305302,19262402.7991791,0.999886390980104,"8600000US20164","20164",19196560,127032
"20165",51,"107","Loudoun","County",1997,9393,1373,9622,0.21,0.69,"Exurban","0.83",515.561,25850254.1350423,25840163.8403315,0.999609663616533,"8600000US20165","20165",25418397,609511
"20166",51,"107","Loudoun","County",1648,1804,1133,2283,0.91,0.69,"Exurban","0.83",515.561,45795654.3031704,45768661.2031052,0.999410575075823,"8600000US20166","20166",45213258,561264
"20169",51,"153","Prince William","County",5277,1889,5116,6995,2.79,0.97,"Exurban","1",336.402,83823014.7660463,83703114.1080273,0.998569597402889,"8600000US20169","20169",83332031,554873
"20170",51,"059","Fairfax","County",1743,11473,1029,10261,0.15,0.59,"Suburban","0.83",390.969,22879862.4368663,22847959.3305111,0.998605625079992,"8600000US20170","20170",22714111,97025
"20171",51,"059","Fairfax","County",4948,11662,1864,11424,0.42,0.38,"Suburban","0.83",390.969,31471629.0600938,31471629.0600938,1,"8600000US20171","20171",31324994,189466
"20175",51,"107","Loudoun","County",3937,6727,3202,8518,0.59,0.81,"Exurban","0.83",515.561,163711091.413989,163711091.413989,1,"8600000US20175","20175",161748632,1922612
"20176",51,"107","Loudoun","County",8062,8322,6660,12616,0.97,0.83,"Exurban","0.83",515.561,148765692.3985,148765696.788017,1.00000002950625,"8600000US20176","20176",147576957,1109094
"20180",51,"107","Loudoun","County",882,1480,878,2315,0.6,1,"Exurban","1",515.561,111169793.923558,111169794.14795,1.00000000201846,"8600000US20180","20180",110689822,618382
"20181",51,"153","Prince William","County",672,1982,658,2635,0.34,0.98,"Exurban","1",336.402,154901318.793448,143086775.676015,0.923728582755402,"8600000US20181","20181",152544500,2378937
"20184",51,"107","Loudoun","County",39,302,39,341,0.13,1,"Exurban","1",515.561,103450351.524522,59559970.5022712,0.575734829553993,"8600000US20184","20184",102653983,762307
"20186",51,"061","Fauquier","County",1399,4093,1276,4539,0.34,0.91,"Exurban","1",647.449,167835532.978259,164402819.756769,0.979547160481597,"8600000US20186","20186",166867237,976550
"20187",51,"061","Fauquier","County",1832,3734,1684,5364,0.49,0.92,"Exurban","1",647.449,127343455.688825,127084848.756682,0.997969216943703,"8600000US20187","20187",125815345,1451841
"20190",51,"059","Fairfax","County",2407,6295,169,2725,0.38,0.07,"Suburban","0.29",390.969,11939441.1262882,11939441.1262882,1,"8600000US20190","20190",11671589,259457
"20191",51,"059","Fairfax","County",320,11247,107,7969,0.03,0.33,"Suburban","0.83",390.969,21788050.2685989,21788050.2685989,1,"8600000US20191","20191",21314764,447350
"20194",51,"059","Fairfax","County",349,5252,129,4040,0.07,0.37,"Suburban","0.83",390.969,8265515.25278205,8265515.25278205,1,"8600000US20194","20194",8163766,143174
"20197",51,"107","Loudoun","County",274,317,274,591,0.86,1,"Exurban","1",515.561,35162611.748394,35162611.748394,1,"8600000US20197","20197",34789189,327894
"20198",51,"061","Fauquier","County",89,891,84,975,0.1,0.94,"Exurban","1",647.449,189486664.619847,189189402.527243,0.998431224206723,"8600000US20198","20198",188690284,795592
"20202",11,"001","District of Columbia",NA,0,0,0,0,-1,-1,"Urban","-1",61.048,18598.0933334832,18598.0933334832,1,"8600000US20202","20202",18721,0
"20204",11,"001","District of Columbia",NA,0,0,0,0,-1,-1,"Urban","-1",61.048,14607.1875597693,14607.1875597693,1,"8600000US20204","20204",14638,0
"20228",11,"001","District of Columbia",NA,0,0,0,0,-1,-1,"Urban","-1",61.048,87302.321443826,87302.321443826,1,"8600000US20228","20228",83613,0
"20230",11,"001","District of Columbia",NA,0,0,0,0,-1,-1,"Urban","-1",61.048,55282.0595757202,55282.0595757202,1,"8600000US20230","20230",55495,0
"20240",11,"001","District of Columbia",NA,0,0,0,0,-1,-1,"Urban","-1",61.048,30669.7362024955,30669.7362024955,1,"8600000US20240","20240",31673,0
"20245",11,"001","District of Columbia",NA,0,0,0,0,-1,-1,"Urban","-1",61.048,59610.97548872,59610.97548872,1,"8600000US20245","20245",64474,0
"20260",11,"001","District of Columbia",NA,0,0,0,0,-1,-1,"Urban","-1",61.048,46319.3049782668,46319.3049782668,1,"8600000US20260","20260",46126,0
"20307",11,"001","District of Columbia",NA,0,0,0,0,-1,-1,"Urban","-1",61.048,338268.771059513,338268.771059513,1,"8600000US20307","20307",342486,61
"20317",11,"001","District of Columbia",NA,0,313,0,33,0,-1,"Urban","-1",61.048,1188913.7411816,1188913.7411816,1,"8600000US20317","20317",1184849,5298
"20319",11,"001","District of Columbia",NA,0,0,0,0,-1,-1,"Urban","-1",61.048,637665.110141158,637665.110141158,1,"8600000US20319","20319",359976,276997
"20373",11,"001","District of Columbia",NA,0,0,0,0,-1,-1,"Urban","-1",61.048,929410.079739928,929410.079739928,1,"8600000US20373","20373",935789,1808
"20390",11,"001","District of Columbia",NA,0,0,0,0,-1,-1,"Urban","-1",61.048,11324.4290093184,11324.4290093184,1,"8600000US20390","20390",10935,0
"20405",11,"001","District of Columbia",NA,0,0,0,0,-1,-1,"Urban","-1",61.048,32990.2234453987,32990.2234453987,1,"8600000US20405","20405",33011,0
"20418",11,"001","District of Columbia",NA,0,0,0,0,-1,-1,"Urban","-1",61.048,29342.6695806608,29342.6695806608,1,"8600000US20418","20418",29418,0
"20427",11,"001","District of Columbia",NA,0,0,0,0,-1,-1,"Urban","-1",61.048,16250.5427719788,16250.5427719788,1,"8600000US20427","20427",16368,0
"20506",11,"001","District of Columbia",NA,0,0,0,0,-1,-1,"Urban","-1",61.048,43955.8428889662,43955.8428889662,1,"8600000US20506","20506",47757,0
"20510",11,"001","District of Columbia",NA,0,0,0,0,-1,-1,"Urban","-1",61.048,30596.5678117871,30596.5678117871,1,"8600000US20510","20510",30810,0
"20520",11,"001","District of Columbia",NA,0,0,0,0,-1,-1,"Urban","-1",61.048,63582.8373936415,63582.8373936415,1,"8600000US20520","20520",83730,0
"20535",11,"001","District of Columbia",NA,0,0,0,0,-1,-1,"Urban","-1",61.048,12813.4853732369,12813.4853732369,1,"8600000US20535","20535",12919,0
"20540",11,"001","District of Columbia",NA,0,0,0,0,-1,-1,"Urban","-1",61.048,86576.0746538416,86576.0746538416,1,"8600000US20540","20540",86892,0
"20551",11,"001","District of Columbia",NA,0,0,0,0,-1,-1,"Urban","-1",61.048,23602.5713121336,23602.5713121336,1,"8600000US20551","20551",23513,0
"20553",11,"001","District of Columbia",NA,0,0,0,0,-1,-1,"Urban","-1",61.048,25061.2149235029,25061.2149235029,1,"8600000US20553","20553",25135,0
"20560",11,"001","District of Columbia",NA,0,0,0,0,-1,-1,"Urban","-1",61.048,53771.6301282649,53771.6301282649,1,"8600000US20560","20560",53607,0
"20565",11,"001","District of Columbia",NA,0,0,0,0,-1,-1,"Urban","-1",61.048,163761.117334132,163761.117334132,1,"8600000US20565","20565",173126,0
"20566",11,"001","District of Columbia",NA,0,0,0,0,-1,-1,"Urban","-1",61.048,97943.9833134077,97943.9833134077,1,"8600000US20566","20566",105615,0
"20593",11,"001","District of Columbia",NA,0,0,0,0,-1,-1,"Urban","-1",61.048,73438.7771688933,73438.7771688933,1,"8600000US20593","20593",77132,0
"20601",24,"017","Charles","County",1823,6925,1691,8399,0.26,0.93,"Exurban","1",457.749,116051534.846758,105145998.512404,0.906028504071447,"8600000US20601","20601",115640607,387684
"20602",24,"017","Charles","County",2423,7329,1714,7663,0.33,0.71,"Exurban","0.83",457.749,36157034.0888521,36157034.0888521,1,"8600000US20602","20602",35885901,297632
"20603",24,"017","Charles","County",3719,6991,2910,9324,0.53,0.78,"Exurban","0.83",457.749,44414836.5369154,44383832.1025531,0.999301935191485,"8600000US20603","20603",44239724,219356
"20607",24,"033","Prince George's","County",1251,2250,1251,3497,0.56,1,"Suburban","1",482.691,54891070.6801748,53001131.6587669,0.96556928116014,"8600000US20607","20607",54381508,442401
"20608",24,"033","Prince George's","County",24,229,24,253,0.1,1,"Suburban","1",482.691,50903057.1472981,50846665.6609534,0.998892178790333,"8600000US20608","20608",45581671,5330325
"20611",24,"017","Charles","County",109,383,83,443,0.28,0.76,"Exurban","0.83",457.749,18277349.6275117,18277349.6275117,1,"8600000US20611","20611",18243781,33481
"20612",24,"017","Charles","County",55,194,55,249,0.28,1,"Exurban","1",457.749,1955041.30456537,1930926.25570869,0.987665197251658,"8600000US20612","20612",604744,1337569
"20613",24,"033","Prince George's","County",1967,2553,1967,4481,0.77,1,"Suburban","1",482.691,199585354.825032,184139041.535729,0.922607982420134,"8600000US20613","20613",195760331,3774286
"20615",24,"009","Calvert","County",0,161,0,161,0,-1,"Exurban","-1",213.152,2143286.18298912,2143286.18298912,1,"8600000US20615","20615",1883246,220895
"20616",24,"017","Charles","County",543,1475,543,1989,0.37,1,"Exurban","1",457.749,29082435.0115622,29082381.3882902,0.99999815616292,"8600000US20616","20616",25416318,3717652
"20617",24,"017","Charles","County",18,259,18,277,0.07,1,"Exurban","1",457.749,16982806.3976395,16982806.3976395,1,"8600000US20617","20617",16956206,14456
"20622",24,"017","Charles","County",460,1141,460,1556,0.4,1,"Exurban","1",457.749,98447824.6889968,82611536.8484531,0.839140296999232,"8600000US20622","20622",96810317,1645405
"20623",24,"033","Prince George's","County",159,749,159,908,0.21,1,"Suburban","1",482.691,5034275.22545433,5034275.22545433,1,"8600000US20623","20623",4987632,19273
"20625",24,"017","Charles","County",61,248,61,309,0.25,1,"Exurban","1",457.749,1542025.13611295,1512576.01621056,0.980902308780369,"8600000US20625","20625",1279761,255198
"20629",24,"009","Calvert","County",73,58,73,131,1.26,1,"Exurban","1",213.152,1534518.79738092,1534518.79738092,1,"8600000US20629","20629",1116992,448506
"20632",24,"017","Charles","County",28,83,28,111,0.34,1,"Exurban","1",457.749,19473833.6890022,19473833.6890022,1,"8600000US20632","20632",19035992,424172
"20637",24,"017","Charles","County",612,1154,612,1766,0.53,1,"Exurban","1",457.749,83539558.9947183,83451807.9227146,0.998949586602327,"8600000US20637","20637",80154890,3428514
"20639",24,"009","Calvert","County",1109,3675,1052,4669,0.3,0.95,"Exurban","1",213.152,113424461.25664,113378885.897052,0.999598187559522,"8600000US20639","20639",108467930,4920694
"20640",24,"017","Charles","County",864,2854,826,3524,0.3,0.96,"Exurban","1",457.749,118423934.563102,118165369.568468,0.997816615403067,"8600000US20640","20640",107949450,18435559
"20645",24,"017","Charles","County",179,158,179,337,1.13,1,"Exurban","1",457.749,6414480.78047568,5878690.24628311,0.916471721947723,"8600000US20645","20645",5703031,4074979
"20646",24,"017","Charles","County",1756,5061,1563,6232,0.35,0.89,"Exurban","1",457.749,215582725.379325,215582725.379325,1,"8600000US20646","20646",213707990,1853409
"20657",24,"009","Calvert","County",1122,5527,1076,6327,0.2,0.96,"Exurban","1",213.152,88509899.2170671,88248614.9379716,0.997047965465933,"8600000US20657","20657",77903250,22483510
"20658",24,"017","Charles","County",6,344,6,326,0.02,1,"Exurban","1",457.749,7780603.00986481,7780603.00986481,1,"8600000US20658","20658",7793940,14245
"20662",24,"017","Charles","County",236,742,236,978,0.32,1,"Exurban","1",457.749,154331075.977407,153680682.153536,0.995785723518399,"8600000US20662","20662",147925772,25017481
"20664",24,"017","Charles","County",141,1025,141,1148,0.14,1,"Exurban","1",457.749,111086049.810629,110654267.142273,0.996113079283206,"8600000US20664","20664",106495350,14123467
"20675",24,"017","Charles","County",71,616,71,687,0.12,1,"Exurban","1",457.749,15660367.4530485,15660367.4530485,1,"8600000US20675","20675",15647643,0
"20676",24,"009","Calvert","County",385,1000,385,1385,0.38,1,"Exurban","1",213.152,43580569.192838,43580569.192838,1,"8600000US20676","20676",42867831,2991717
"20677",24,"017","Charles","County",176,519,176,695,0.34,1,"Exurban","1",457.749,44780216.9608692,44780216.9608817,1.00000000000028,"8600000US20677","20677",39784276,5019646
"20678",24,"009","Calvert","County",1197,3066,1091,3720,0.39,0.91,"Exurban","1",213.152,129035832.94957,128979835.95714,0.999566035331813,"8600000US20678","20678",110760283,20969252
"20685",24,"009","Calvert","County",476,1726,476,2167,0.28,1,"Exurban","1",213.152,78460595.061444,78440042.3400044,0.999738050400669,"8600000US20685","20685",57675588,23140939
"20688",24,"009","Calvert","County",367,632,178,478,0.58,0.49,"Exurban","0.83",213.152,6535441.16286209,6530869.07143283,0.99930041579209,"8600000US20688","20688",3708371,5807350
"20689",24,"009","Calvert","County",188,466,188,654,0.4,1,"Exurban","1",213.152,20260282.8685574,20260282.8685574,1,"8600000US20689","20689",20159519,57159
"20693",24,"017","Charles","County",103,305,103,408,0.34,1,"Exurban","1",457.749,60770668.1134751,60668155.6440783,0.998313125845426,"8600000US20693","20693",52285013,13685611
"20695",24,"017","Charles","County",1069,1435,971,2391,0.74,0.91,"Exurban","1",457.749,32925359.2217402,32925359.2217402,1,"8600000US20695","20695",32759671,133483
"20705",24,"033","Prince George's","County",1093,7573,850,5793,0.14,0.78,"Suburban","0.83",482.691,41345615.7018464,40884107.8489031,0.988837804320746,"8600000US20705","20705",41082421,261095
"20706",24,"033","Prince George's","County",606,11520,462,9065,0.05,0.76,"Suburban","0.83",482.691,27012480.3387637,27012480.3387637,1,"8600000US20706","20706",26783699,131889
"20707",24,"033","Prince George's","County",2581,9721,1461,7515,0.27,0.57,"Suburban","0.83",482.691,29389852.2616729,27359475.4047924,0.930915717479525,"8600000US20707","20707",28885910,477550
"20708",24,"033","Prince George's","County",656,9104,312,4213,0.07,0.48,"Suburban","0.83",482.691,36947101.6187005,36917742.8968161,0.999205384980197,"8600000US20708","20708",36138182,784565
"20710",24,"033","Prince George's","County",360,3190,179,959,0.11,0.5,"Suburban","0.83",482.691,2866204.86688462,2866204.86688462,1,"8600000US20710","20710",2860421,6160
"20712",24,"033","Prince George's","County",60,3622,15,1152,0.02,0.25,"Suburban","0.29",482.691,1912759.04030633,1912847.50499773,1.00004624978345,"8600000US20712","20712",1889113,12394
"20715",24,"033","Prince George's","County",477,8203,468,8609,0.06,0.98,"Suburban","1",482.691,37839684.600201,37775503.5440526,0.998303869156772,"8600000US20715","20715",37643192,169222
"20716",24,"033","Prince George's","County",962,7402,462,6504,0.13,0.48,"Suburban","0.83",482.691,30068705.9940185,30043571.4514885,0.999164096302149,"8600000US20716","20716",29888297,178419
"20720",24,"033","Prince George's","County",2781,4601,2733,7290,0.6,0.98,"Suburban","1",482.691,29123689.0119808,29116863.81626,0.999765647967263,"8600000US20720","20720",28925474,203737
"20721",24,"033","Prince George's","County",2184,7404,2002,9006,0.29,0.92,"Suburban","1",482.691,43679265.6820967,43679265.6820967,1,"8600000US20721","20721",43263246,376690
"20722",24,"033","Prince George's","County",31,1677,31,1430,0.02,1,"Suburban","1",482.691,3902682.20794247,3902682.20794247,1,"8600000US20722","20722",3813417,79479
"20732",24,"009","Calvert","County",964,2455,914,3282,0.39,0.95,"Exurban","1",213.152,27062576.0986106,27062557.3363552,0.999999306708447,"8600000US20732","20732",26384780,6619577
"20735",24,"033","Prince George's","County",2141,10332,2114,12163,0.21,0.99,"Suburban","1",482.691,67401459.5561864,67401459.5561864,1,"8600000US20735","20735",67144564,283246
"20736",24,"009","Calvert","County",793,2137,793,2906,0.37,1,"Exurban","1",213.152,67797705.7077903,66807898.8361734,0.985400584558378,"8600000US20736","20736",66162266,1655246
"20737",24,"033","Prince George's","County",158,5611,132,3225,0.03,0.84,"Suburban","1",482.691,10831073.0458471,10831073.0458471,1,"8600000US20737","20737",10717478,76041
"20740",24,"033","Prince George's","County",1378,8103,141,5497,0.17,0.1,"Suburban","0.29",482.691,20849008.1996689,20849008.1996689,1,"8600000US20740","20740",20695830,158219
"20742",24,"033","Prince George's","County",0,0,0,0,-1,-1,"Suburban","-1",482.691,1906351.04848319,1906351.04848319,1,"8600000US20742","20742",1916204,0
"20743",24,"033","Prince George's","County",1073,12809,584,10486,0.08,0.54,"Suburban","0.83",482.691,25125227.7243896,25125239.9834898,1.00000048791996,"8600000US20743","20743",25185430,7879
"20744",24,"033","Prince George's","County",2174,16327,1681,16054,0.13,0.77,"Suburban","0.83",482.691,68526809.0033345,68526809.0033345,1,"8600000US20744","20744",68201377,323005
"20745",24,"033","Prince George's","County",769,10100,348,5421,0.08,0.45,"Suburban","0.83",482.691,17026104.0343928,16999847.0066171,0.998457836994143,"8600000US20745","20745",16743866,262294
"20746",24,"033","Prince George's","County",1539,9493,402,4787,0.16,0.26,"Suburban","0.29",482.691,20426906.8270561,20426906.8270673,1.00000000000055,"8600000US20746","20746",20393129,49001
"20747",24,"033","Prince George's","County",796,13816,680,8869,0.06,0.85,"Suburban","1",482.691,19839597.2241334,19839597.2241334,1,"8600000US20747","20747",19800092,5038
"20748",24,"033","Prince George's","County",434,14205,264,9235,0.03,0.61,"Suburban","0.83",482.691,23563930.1042737,23563927.6845258,0.999999897311361,"8600000US20748","20748",23527438,12156
"20754",24,"009","Calvert","County",239,2128,239,2359,0.11,1,"Exurban","1",213.152,45775021.8882263,36502647.7664701,0.797435943462845,"8600000US20754","20754",43669595,2131264
"20762",24,"033","Prince George's","County",351,551,331,741,0.64,0.94,"Suburban","1",482.691,15297787.2151462,15297787.2151462,1,"8600000US20762","20762",15260554,6924
"20769",24,"033","Prince George's","County",613,1562,613,2157,0.39,1,"Suburban","1",482.691,20055143.0878855,20055143.0878855,1,"8600000US20769","20769",19902927,268745
"20770",24,"033","Prince George's","County",267,9908,121,3453,0.03,0.45,"Suburban","0.83",482.691,21484671.5211565,21484671.5211565,1,"8600000US20770","20770",21272824,195270
"20772",24,"033","Prince George's","County",4049,11475,3770,14322,0.35,0.93,"Suburban","1",482.691,188817915.9938,188794910.960395,0.999878162867737,"8600000US20772","20772",185255028,3659969
"20774",24,"033","Prince George's","County",4520,12114,3792,13640,0.37,0.84,"Suburban","1",482.691,90390513.6207807,90373288.1188755,0.999809432414805,"8600000US20774","20774",89938911,485768
"20781",24,"033","Prince George's","County",290,3552,188,2393,0.08,0.65,"Suburban","0.83",482.691,6499646.20647645,6499646.4412961,1.00000003612807,"8600000US20781","20781",6302720,206625
"20782",24,"033","Prince George's","County",1344,10072,57,5329,0.13,0.04,"Suburban","0.29",482.691,11157365.1533222,11157365.1533222,1,"8600000US20782","20782",10999559,90332
"20783",24,"033","Prince George's","County",174,12575,44,5741,0.01,0.25,"Suburban","0.29",482.691,14547634.7671438,14542399.4103602,0.999640123163156,"8600000US20783","20783",14565334,25155
"20784",24,"033","Prince George's","County",498,9169,331,6276,0.05,0.66,"Suburban","0.83",482.691,11012159.5845405,11012159.5845405,1,"8600000US20784","20784",11030335,1897
"20785",24,"033","Prince George's","County",2113,11633,954,9102,0.18,0.45,"Suburban","0.83",482.691,25631917.3837118,25631917.3837118,1,"8600000US20785","20785",25601878,43907
"20812",24,"031","Montgomery","County",7,94,7,100,0.07,1,"Suburban","1",491.254,876482.654953003,876482.689589024,1.00000003951706,"8600000US20812","20812",493979,371048
"20814",24,"031","Montgomery","County",1614,11185,462,5539,0.14,0.29,"Suburban","0.29",491.254,13206170.6888839,13206170.6888839,1,"8600000US20814","20814",13193941,52881
"20815",24,"031","Montgomery","County",859,12089,394,7161,0.07,0.46,"Suburban","0.83",491.254,14101992.6560829,14102936.473664,1.00006692795864,"8600000US20815","20815",14068402,35093
"20816",24,"031","Montgomery","County",233,5930,195,4733,0.04,0.84,"Suburban","1",491.254,10625517.4215522,10619779.3284448,0.999459970476757,"8600000US20816","20816",9049816,1479504
"20817",24,"031","Montgomery","County",1292,11853,978,11281,0.11,0.76,"Suburban","0.83",491.254,36217630.3860575,36217630.3860575,1,"8600000US20817","20817",35973981,195398
"20818",24,"031","Montgomery","County",87,629,74,659,0.14,0.85,"Suburban","1",491.254,3645859.43826887,3645859.56255531,1.00000003408975,"8600000US20818","20818",2639801,1122941
"20832",24,"031","Montgomery","County",873,7870,669,7968,0.11,0.77,"Suburban","0.83",491.254,26114576.2806139,26114576.2806139,1,"8600000US20832","20832",26074532,55398
"20833",24,"031","Montgomery","County",414,2047,414,2433,0.2,1,"Suburban","1",491.254,52390690.5084374,47461298.3304338,0.905910914130636,"8600000US20833","20833",50717315,1714127
"20837",24,"031","Montgomery","County",263,1746,263,2009,0.15,1,"Suburban","1",491.254,118529174.142168,118529159.75714,0.999999878637232,"8600000US20837","20837",110285314,7937370
"20838",24,"031","Montgomery","County",0,105,0,105,0,-1,"Suburban","-1",491.254,7012613.16269064,7012613.16269064,1,"8600000US20838","20838",6996666,21554
"20839",24,"031","Montgomery","County",0,17,0,17,0,-1,"Suburban","-1",491.254,12748897.0177481,12748897.0177481,1,"8600000US20839","20839",12689689,41061
"20841",24,"031","Montgomery","County",2115,838,1995,2833,2.52,0.94,"Suburban","1",491.254,69665244.3398016,69665244.3398016,1,"8600000US20841","20841",67306695,2337391
"20842",24,"031","Montgomery","County",79,599,65,664,0.13,0.82,"Suburban","0.83",491.254,144607550.591817,105801260.974307,0.731644098398098,"8600000US20842","20842",138659219,6271342
"20850",24,"031","Montgomery","County",6582,12151,2863,11463,0.54,0.43,"Suburban","0.83",491.254,36728390.1645798,36728390.1645798,1,"8600000US20850","20850",36498268,194607
"20851",24,"031","Montgomery","County",413,4478,11,3369,0.09,0.03,"Suburban","0.29",491.254,6086656.01204705,6086656.01204705,1,"8600000US20851","20851",6127195,2088
"20852",24,"031","Montgomery","County",4200,16197,201,7112,0.26,0.05,"Suburban","0.29",491.254,21577225.4165254,21577225.4165254,1,"8600000US20852","20852",21573341,41315
"20853",24,"031","Montgomery","County",272,9579,272,8688,0.03,1,"Suburban","1",491.254,23738254.9755324,23738254.9755324,1,"8600000US20853","20853",23423902,243714
"20854",24,"031","Montgomery","County",1168,15513,988,16461,0.08,0.85,"Suburban","1",491.254,94509865.763139,94509716.683898,0.999998422606574,"8600000US20854","20854",87457161,7157204
"20855",24,"031","Montgomery","County",253,4689,192,4697,0.05,0.76,"Suburban","0.83",491.254,34561750.5600028,34561750.5600028,1,"8600000US20855","20855",34005810,573759
"20860",24,"031","Montgomery","County",336,560,336,738,0.6,1,"Suburban","1",491.254,9907308.87969363,9907308.87969363,1,"8600000US20860","20860",9856223,26973
"20861",24,"031","Montgomery","County",141,422,141,563,0.33,1,"Suburban","1",491.254,9899572.0799509,9882424.5575065,0.998267852155032,"8600000US20861","20861",9943908,18520
"20862",24,"031","Montgomery","County",11,105,11,116,0.1,1,"Suburban","1",491.254,3066795.38869667,3060117.18760082,0.99782241713273,"8600000US20862","20862",3041532,15389
"20866",24,"031","Montgomery","County",324,4328,324,4174,0.07,1,"Suburban","1",491.254,18970552.5146591,18899859.6398902,0.996273546871431,"8600000US20866","20866",18308467,618521
"20868",24,"031","Montgomery","County",35,198,35,233,0.18,1,"Suburban","1",491.254,5203895.03634545,5203895.03634545,1,"8600000US20868","20868",5193589,5002
"20871",24,"031","Montgomery","County",4508,1172,4009,5108,3.85,0.89,"Suburban","1",491.254,53356061.8743873,50702602.3669164,0.950268827678517,"8600000US20871","20871",53184241,138208
"20872",24,"031","Montgomery","County",450,3868,423,4013,0.12,0.94,"Suburban","1",491.254,54048798.5348558,54045586.4677548,0.99994057098052,"8600000US20872","20872",53903254,114209
"20874",24,"031","Montgomery","County",3547,18347,2084,14327,0.19,0.59,"Suburban","0.83",491.254,58459166.0035546,58459163.908223,0.999999964157347,"8600000US20874","20874",55154305,3336889
"20876",24,"031","Montgomery","County",1313,7083,760,6208,0.19,0.58,"Suburban","0.83",491.254,30336821.1588094,30336821.1588094,1,"8600000US20876","20876",30253550,122385
"20877",24,"031","Montgomery","County",2115,10469,926,6222,0.2,0.44,"Suburban","0.83",491.254,14983548.7681346,14983548.7681346,1,"8600000US20877","20877",14924569,89639
"20878",24,"031","Montgomery","County",3266,19495,2188,16457,0.17,0.67,"Suburban","0.83",491.254,57765090.7877636,57765090.7877636,1,"8600000US20878","20878",56743636,1016907
"20879",24,"031","Montgomery","County",415,7886,230,6346,0.05,0.55,"Suburban","0.83",491.254,19980480.4733474,19980480.4733474,1,"8600000US20879","20879",19864991,103632
"20880",24,"031","Montgomery","County",11,189,11,198,0.06,1,"Suburban","1",491.254,606894.016048491,606894.016048491,1,"8600000US20880","20880",615162,0
"20882",24,"031","Montgomery","County",690,3759,690,4397,0.18,1,"Suburban","1",491.254,100399626.129996,100372677.239197,0.999731583753471,"8600000US20882","20882",99941219,426640
"20886",24,"031","Montgomery","County",237,11590,91,8587,0.02,0.38,"Suburban","0.83",491.254,12408205.5991739,12408205.5991739,1,"8600000US20886","20886",12123927,235706
"20895",24,"031","Montgomery","County",285,6701,228,6049,0.04,0.8,"Suburban","0.83",491.254,10611844.9100863,10611844.9100863,1,"8600000US20895","20895",10538006,78772
"20896",24,"031","Montgomery","County",15,311,15,326,0.05,1,"Suburban","1",491.254,650561.16475445,650561.16475445,1,"8600000US20896","20896",641487,3411
"20899",24,"031","Montgomery","County",0,120,0,0,0,-1,"Suburban","-1",491.254,191068.137811244,191068.137811244,1,"8600000US20899","20899",204571,0
"20901",24,"031","Montgomery","County",249,12255,172,9122,0.02,0.69,"Suburban","0.83",491.254,13975368.8919389,13975368.8919389,1,"8600000US20901","20901",13943441,70055
"20902",24,"031","Montgomery","County",1805,14851,681,11788,0.12,0.38,"Suburban","0.83",491.254,19760898.065731,19760898.065731,1,"8600000US20902","20902",19640642,77099
"20903",24,"031","Montgomery","County",146,6991,7,2774,0.02,0.05,"Suburban","0.29",491.254,9296222.28550817,8118113.43925023,0.873270151027425,"8600000US20903","20903",9329135,4751
"20904",24,"031","Montgomery","County",2731,18177,1018,11830,0.15,0.37,"Suburban","0.83",491.254,35606543.836366,35276315.7463671,0.990725634829471,"8600000US20904","20904",35467249,98898
"20905",24,"031","Montgomery","County",314,5558,306,5808,0.06,0.97,"Suburban","1",491.254,33858458.7586198,33835165.5212567,0.999312040824743,"8600000US20905","20905",33278713,554978
"20906",24,"031","Montgomery","County",1785,23274,784,14089,0.08,0.44,"Suburban","0.83",491.254,31436186.5011489,31436186.5011489,1,"8600000US20906","20906",31274656,196973
"20910",24,"031","Montgomery","County",3799,15762,291,6209,0.24,0.08,"Suburban","0.29",491.254,11894977.8716655,11894979.9570951,1.00000017532018,"8600000US20910","20910",11772250,29563
"20912",24,"031","Montgomery","County",272,9122,125,4019,0.03,0.46,"Suburban","0.83",491.254,7053714.0166749,6437356.80953336,0.912619478804432,"8600000US20912","20912",6920232,14036
"21701",24,"021","Frederick","County",2571,12643,1834,10850,0.2,0.71,"Exurban","0.83",660.221,102532833.242765,102532833.242765,1,"8600000US21701","21701",100831739,1701262
"21702",24,"021","Frederick","County",3121,12189,2329,10554,0.26,0.75,"Exurban","0.83",660.221,104886473.461421,104886473.461421,1,"8600000US21702","21702",104631902,282958
"21703",24,"021","Frederick","County",2504,9940,1738,9836,0.25,0.69,"Exurban","0.83",660.221,86319293.5032442,86319293.5032442,1,"8600000US21703","21703",86138825,106638
"21704",24,"021","Frederick","County",3199,1889,2985,4790,1.69,0.93,"Exurban","1",660.221,68280080.4569738,68280080.4569738,1,"8600000US21704","21704",67769738,547467
"21705",24,"021","Frederick","County",0,0,0,0,-1,-1,"Exurban","-1",660.221,59372.1794168055,59372.1794168055,1,"8600000US21705","21705",61289,0
"21710",24,"021","Frederick","County",616,1117,531,1562,0.55,0.86,"Exurban","1",660.221,67306834.3923116,67306834.3923116,1,"8600000US21710","21710",66188947,1147931
"21714",24,"021","Frederick","County",0,64,0,30,0,-1,"Exurban","-1",660.221,78897.4086015522,78897.4086015522,1,"8600000US21714","21714",74856,0
"21716",24,"021","Frederick","County",166,1803,166,1590,0.09,1,"Exurban","1",660.221,10122655.6604268,10122655.7786808,1.00000001168211,"8600000US21716","21716",8355847,1745954
"21717",24,"021","Frederick","County",0,11,0,11,0,-1,"Exurban","-1",660.221,967527.552774429,967527.552774429,1,"8600000US21717","21717",944626,10584
"21718",24,"021","Frederick","County",4,61,0,45,0.07,0,"Exurban","0",660.221,1179178.63576972,1179178.63576972,1,"8600000US21718","21718",1175758,10426
"21727",24,"021","Frederick","County",338,1377,338,1451,0.25,1,"Exurban","1",660.221,83598387.642118,83583671.2425995,0.999823963117788,"8600000US21727","21727",82865972,531563
"21754",24,"021","Frederick","County",383,1748,358,2091,0.22,0.93,"Exurban","1",660.221,61539273.884357,61532450.0535177,0.999889114212623,"8600000US21754","21754",61439633,105852
"21755",24,"021","Frederick","County",136,1851,124,1917,0.07,0.91,"Exurban","1",660.221,90883870.8421615,90869849.9344863,0.999845727217103,"8600000US21755","21755",89208785,1625709
"21762",24,"021","Frederick","County",0,107,0,107,0,-1,"Exurban","-1",660.221,942473.198928714,942473.198928714,1,"8600000US21762","21762",952883,0
"21769",24,"021","Frederick","County",899,3127,888,3838,0.29,0.99,"Exurban","1",660.221,106383602.601286,105759353.802104,0.994132095699728,"8600000US21769","21769",105648380,746770
"21770",24,"021","Frederick","County",154,1691,154,1845,0.09,1,"Exurban","1",660.221,28622554.3571894,28500213.588236,0.995725721491286,"8600000US21770","21770",28591809,26656
"21771",24,"021","Frederick","County",2074,7533,2050,9407,0.28,0.99,"Exurban","1",660.221,220778674.345171,110549278.223294,0.500724440669748,"8600000US21771","21771",220324668,442882
"21773",24,"021","Frederick","County",298,1641,298,1928,0.18,1,"Exurban","1",660.221,100515051.893401,100465526.968403,0.999507288470079,"8600000US21773","21773",100282004,220476
"21774",24,"021","Frederick","County",1448,2918,1448,4337,0.5,1,"Exurban","1",660.221,37970558.4634686,37970558.4634686,1,"8600000US21774","21774",37289770,668031
"21777",24,"021","Frederick","County",197,359,197,556,0.55,1,"Exurban","1",660.221,7826135.61538082,7826137.82352865,1.00000028215047,"8600000US21777","21777",5656707,2131267
"21778",24,"021","Frederick","County",81,318,81,392,0.25,1,"Exurban","1",660.221,46367772.006706,46357298.2836747,0.99977411631877,"8600000US21778","21778",45405088,960347
"21780",24,"021","Frederick","County",50,445,50,468,0.11,1,"Exurban","1",660.221,58324465.4095902,56687289.2792521,0.971929856213153,"8600000US21780","21780",58241148,39449
"21788",24,"021","Frederick","County",491,4079,474,4118,0.12,0.97,"Exurban","1",660.221,174337298.505415,174337298.505415,1,"8600000US21788","21788",172905902,1371928
"21790",24,"021","Frederick","County",0,29,0,29,0,-1,"Exurban","-1",660.221,10134575.0836089,10134575.0836089,1,"8600000US21790","21790",10146390,34788
"21791",24,"021","Frederick","County",383,1575,368,1817,0.24,0.96,"Exurban","1",660.221,127853949.087533,76926844.1052681,0.60167749728717,"8600000US21791","21791",127672411,204243
"21793",24,"021","Frederick","County",522,3032,373,3289,0.17,0.71,"Exurban","0.83",660.221,52875487.7466606,52875487.7466606,1,"8600000US21793","21793",52852359,22107
"21798",24,"021","Frederick","County",114,644,101,680,0.18,0.89,"Exurban","1",660.221,43033473.5053231,43033473.5053231,1,"8600000US21798","21798",42848056,130672
"22003",51,"059","Fairfax","County",688,18464,475,13281,0.04,0.69,"Suburban","0.83",390.969,32390098.9337116,32390098.9337116,1,"8600000US22003","22003",32241099,136799
"22015",51,"059","Fairfax","County",301,14495,284,13592,0.02,0.94,"Suburban","1",390.969,21969364.5331241,21969364.5331241,1,"8600000US22015","22015",21701627,231461
"22025",51,"153","Prince William","County",1718,4393,1647,6002,0.39,0.96,"Exurban","1",336.402,18049543.5892206,18049543.5892206,1,"8600000US22025","22025",17637453,428337
"22026",51,"153","Prince William","County",1424,2975,1312,3372,0.48,0.92,"Exurban","1",336.402,23049397.1011165,22444723.3625342,0.9737661798298,"8600000US22026","22026",20888186,4143750
"22027",51,"059","Fairfax","County",172,509,172,681,0.34,1,"Suburban","1",390.969,1656941.51776338,1656941.51776338,1,"8600000US22027","22027",1678018,200
"22030",51,"059","Fairfax","County",5947,13295,3028,12474,0.45,0.51,"Suburban","0.83",390.969,49108581.3197197,36931977.2419747,0.752047325528107,"8600000US22030","22030",48887496,243348
"22031",51,"059","Fairfax","County",2395,9550,888,6533,0.25,0.37,"Suburban","0.83",390.969,17814974.8609017,14558218.2713385,0.817189941889236,"8600000US22031","22031",17676040,134967
"22032",51,"059","Fairfax","County",533,9176,401,9394,0.06,0.75,"Suburban","0.83",390.969,19413074.8728606,18592422.3361789,0.957726813394774,"8600000US22032","22032",19180220,236783
"22033",51,"059","Fairfax","County",2881,12319,1708,9123,0.23,0.59,"Suburban","0.83",390.969,19764432.7112355,19764432.7112355,1,"8600000US22033","22033",19607751,203662
"22035",51,"059","Fairfax","County",0,0,0,0,-1,-1,"Suburban","-1",390.969,449044.669057369,449044.669057369,1,"8600000US22035","22035",448650,11929
"22039",51,"059","Fairfax","County",406,5464,399,5863,0.07,0.98,"Suburban","1",390.969,63472717.401392,63408245.6768717,0.998984260842142,"8600000US22039","22039",61194728,2250722
"22041",51,"059","Fairfax","County",509,10110,415,2814,0.05,0.82,"Suburban","0.83",390.969,7576707.46040642,7572998.40212965,0.999510465687615,"8600000US22041","22041",7226964,348991
"22042",51,"059","Fairfax","County",1143,10848,495,8068,0.11,0.43,"Suburban","0.83",390.969,17260821.8679026,17118400.403788,0.991748859631102,"8600000US22042","22042",17104697,116609
"22043",51,"059","Fairfax","County",650,8606,519,5663,0.08,0.8,"Suburban","0.83",390.969,12364798.5996916,12364795.6642041,0.999999762593184,"8600000US22043","22043",12331468,15689
"22044",51,"059","Fairfax","County",47,5442,47,2006,0.01,1,"Suburban","1",390.969,5860507.15184686,5534866.0345394,0.944434652348332,"8600000US22044","22044",5662976,233185
"22046",51,"610","Falls Church","city",1037,5551,439,4351,0.19,0.42,"Suburban","0.83",1.999,7318112.41257131,4691195.660375,0.641039026992302,"8600000US22046","22046",7306563,32
"22060",51,"059","Fairfax","County",1538,1253,1408,2186,1.23,0.92,"Suburban","1",390.969,38289250.9895487,38289250.9895487,0.999999999999999,"8600000US22060","22060",33722627,4564773
"22066",51,"059","Fairfax","County",810,5054,810,5857,0.16,1,"Suburban","1",390.969,70599497.7739723,69731582.0325413,0.987706488448265,"8600000US22066","22066",69867174,628181
"22079",51,"059","Fairfax","County",4613,6711,3883,9108,0.69,0.84,"Suburban","1",390.969,81594676.1301242,81236614.588632,0.99561170460532,"8600000US22079","22079",75735977,17504522
"22101",51,"059","Fairfax","County",1346,9289,1247,9804,0.14,0.93,"Suburban","1",390.969,35439944.8821993,35258185.1799388,0.994871332253347,"8600000US22101","22101",35331701,109203
"22102",51,"059","Fairfax","County",2018,8324,763,3739,0.24,0.38,"Suburban","0.83",390.969,27337777.4810894,27337773.7194232,0.999999862400439,"8600000US22102","22102",27139748,169423
"22124",51,"059","Fairfax","County",586,6151,518,5372,0.1,0.88,"Suburban","1",390.969,26452785.9888141,26452785.9888141,1,"8600000US22124","22124",26253243,215644
"22125",51,"153","Prince William","County",77,266,74,272,0.29,0.96,"Exurban","1",336.402,440474.552973747,436617.650271058,0.991243755906782,"8600000US22125","22125",391709,40452
"22134",51,"179","Stafford","County",886,648,886,1215,1.37,1,"Exurban","1",268.956,64770934.4471506,43095466.8767508,0.665351939795068,"8600000US22134","22134",61285239,3916907
"22150",51,"059","Fairfax","County",1256,7553,465,5846,0.17,0.37,"Suburban","0.83",390.969,19621830.2004683,19621830.2004683,1,"8600000US22150","22150",19461741,126172
"22151",51,"059","Fairfax","County",125,5421,117,5188,0.02,0.94,"Suburban","1",390.969,13629218.5618768,13629218.5618768,1,"8600000US22151","22151",13225040,414903
"22152",51,"059","Fairfax","County",272,10118,198,9125,0.03,0.73,"Suburban","0.83",390.969,15510132.2517041,15510132.2517041,1,"8600000US22152","22152",15425641,120955
"22153",51,"059","Fairfax","County",352,9855,352,10063,0.04,1,"Suburban","1",390.969,23434821.955839,23434821.955839,1,"8600000US22153","22153",23000317,434051
"22172",51,"153","Prince William","County",976,2196,892,1894,0.44,0.91,"Exurban","1",336.402,33104080.3034067,33104080.3034067,1,"8600000US22172","22172",32696852,437320
"22180",51,"059","Fairfax","County",1218,7227,838,6974,0.17,0.69,"Suburban","0.83",390.969,15096468.1565621,15096468.1565621,1,"8600000US22180","22180",15037424,17193
"22181",51,"059","Fairfax","County",550,4657,228,4429,0.12,0.41,"Suburban","0.83",390.969,14802534.4371417,14802534.4371417,1,"8600000US22181","22181",14745340,67716
"22182",51,"059","Fairfax","County",1499,7374,861,7616,0.2,0.57,"Suburban","0.83",390.969,30613726.2708279,30613726.2708279,1,"8600000US22182","22182",30481900,138516
"22185",51,"059","Fairfax","County",0,0,0,0,-1,-1,"Suburban","-1",390.969,166586.343103349,166586.343103349,1,"8600000US22185","22185",166961,0
"22191",51,"153","Prince William","County",7889,13221,5806,14815,0.6,0.74,"Exurban","0.83",336.402,42734724.7108108,42538400.0223484,0.995405968102265,"8600000US22191","22191",40949467,11848434
"22192",51,"153","Prince William","County",3047,16353,2354,15887,0.19,0.77,"Exurban","0.83",336.402,49964696.8125645,49789839.612641,0.996500385050281,"8600000US22192","22192",48026519,1948625
"22193",51,"153","Prince William","County",4263,18995,3785,21066,0.22,0.89,"Exurban","1",336.402,45924206.5924643,45924206.5924643,1,"8600000US22193","22193",45787613,71700
"22201",51,"013","Arlington","County",4536,13728,608,4329,0.33,0.13,"Urban","0.29",25.974,6052536.18618256,6052536.18618256,1,"8600000US22201","22201",6055810,0
"22202",51,"013","Arlington","County",3179,9575,149,2233,0.33,0.05,"Urban","0.29",25.974,10176992.6196391,9985925.73322425,0.981225604306115,"8600000US22202","22202",10045692,237830
"22203",51,"013","Arlington","County",3110,8026,192,2522,0.39,0.06,"Urban","0.29",25.974,3979108.05517018,3978952.49592346,0.999960906000902,"8600000US22203","22203",3973177,0
"22204",51,"013","Arlington","County",2041,19494,369,8408,0.1,0.18,"Urban","0.29",25.974,10679668.105732,10677722.1917861,0.999817792657351,"8600000US22204","22204",10662406,0
"22205",51,"013","Arlington","County",381,6304,362,5731,0.06,0.95,"Urban","1",25.974,7032107.5675745,7015089.01793242,0.997579879221336,"8600000US22205","22205",7015020,0
"22206",51,"013","Arlington","County",1672,8605,345,4158,0.19,0.21,"Urban","0.29",25.974,5297746.31175709,5049018.71214306,0.95305030007533,"8600000US22206","22206",5330791,5728
"22207",51,"013","Arlington","County",1121,10483,907,9945,0.11,0.81,"Urban","0.83",25.974,16571002.7153115,16450183.8930104,0.99270902163395,"8600000US22207","22207",16679777,3491
"22209",51,"013","Arlington","County",1753,5416,26,627,0.32,0.01,"Urban","0.29",25.974,1515055.63567436,1515047.90665364,0.999994898523505,"8600000US22209","22209",1554207,0
"22211",51,"013","Arlington","County",43,40,0,33,1.07,0,"Urban","0",25.974,4537564.46916312,4537569.57760851,1.00000112581219,"8600000US22211","22211",4525011,0
"22213",51,"013","Arlington","County",346,987,99,887,0.35,0.29,"Urban","0.29",25.974,1507634.37275791,1485114.78473318,0.985062964581034,"8600000US22213","22213",1504264,0
"22214",51,"013","Arlington","County",0,0,0,0,-1,-1,"Urban","-1",25.974,104034.585793912,104034.585793912,1,"8600000US22214","22214",104301,0
"22301",51,"510","Alexandria","city",449,4772,240,3782,0.09,0.53,"Urban","0.83",15.027,3589584.67320478,3589584.67320478,1,"8600000US22301","22301",3625534,0
"22302",51,"510","Alexandria","city",914,7435,33,3461,0.12,0.04,"Urban","0.29",15.027,5839226.69333923,5547182.23575081,0.949985764738068,"8600000US22302","22302",5819765,4505
"22303",51,"059","Fairfax","County",1080,5729,309,2485,0.19,0.29,"Suburban","0.29",390.969,3849326.11799436,3826175.8493713,0.993985890539428,"8600000US22303","22303",3757993,112083
"22304",51,"510","Alexandria","city",2101,19122,978,5845,0.11,0.47,"Urban","0.83",15.027,12265153.8233632,12221877.7559047,0.996471624564868,"8600000US22304","22304",12005024,237131
"22305",51,"510","Alexandria","city",855,5650,106,2991,0.15,0.12,"Urban","0.29",15.027,3617283.37846518,3611064.03983924,0.998280660380947,"8600000US22305","22305",3477452,115511
"22306",51,"059","Fairfax","County",1081,9594,559,5294,0.11,0.52,"Suburban","0.83",390.969,18984003.961203,18984003.961203,1,"8600000US22306","22306",18754458,194128
"22307",51,"059","Fairfax","County",55,4425,49,3158,0.01,0.89,"Suburban","1",390.969,9868731.58894229,9868717.89954834,0.99999861285173,"8600000US22307","22307",7519040,2244062
"22308",51,"059","Fairfax","County",167,4387,153,4517,0.04,0.92,"Suburban","1",390.969,12678609.9893131,12655114.0337471,0.998146803507183,"8600000US22308","22308",11638230,1048690
"22309",51,"059","Fairfax","County",921,10284,890,8227,0.09,0.97,"Suburban","1",390.969,21639107.815757,21623127.6674917,0.999261515382176,"8600000US22309","22309",19511695,2186755
"22310",51,"059","Fairfax","County",1003,10319,768,8985,0.1,0.77,"Suburban","0.83",390.969,18630002.7871316,18625827.4419587,0.999775880593226,"8600000US22310","22310",18571634,35307
"22311",51,"510","Alexandria","city",521,7361,84,1455,0.07,0.16,"Urban","0.29",15.027,4042901.72216398,3168455.2758562,0.783708210982747,"8600000US22311","22311",3985029,16332
"22312",51,"059","Fairfax","County",1217,9947,503,5459,0.12,0.41,"Suburban","0.83",390.969,13940364.732087,12764550.1412928,0.915653957884777,"8600000US22312","22312",13899303,96872
"22314",51,"510","Alexandria","city",3976,12594,691,7100,0.32,0.17,"Urban","0.29",15.027,10647991.7229401,10615982.5080188,0.996993873046278,"8600000US22314","22314",9873153,673742
"22315",51,"059","Fairfax","County",1192,9387,1012,8202,0.13,0.85,"Suburban","1",390.969,14527828.6056936,14527828.6056936,1,"8600000US22315","22315",14152380,409333
"22401",51,"630","Fredericksburg","city",2460,7811,1612,5103,0.31,0.66,"Exurban","0.83",10.44,27266119.3324267,27054388.2600744,0.992234645870544,"8600000US22401","22401",27071661,178255
"22405",51,"179","Stafford","County",2371,7719,2342,9823,0.31,0.99,"Exurban","1",268.956,141813328.918025,141493841.899709,0.997747129830789,"8600000US22405","22405",136790498,5041272
"22406",51,"179","Stafford","County",4084,3981,3752,6682,1.03,0.92,"Exurban","1",268.956,191622099.574469,191328464.504767,0.998467634629024,"8600000US22406","22406",188128417,3519810
"22407",51,"177","Spotsylvania","County",5439,13811,4641,16911,0.39,0.85,"Exurban","1",401.496,150389832.620713,150263772.616118,0.999161778410164,"8600000US22407","22407",146833751,3514083
"22408",51,"177","Spotsylvania","County",3258,5490,2963,8322,0.59,0.91,"Exurban","1",401.496,121209002.545365,107039887.378386,0.883101792198354,"8600000US22408","22408",118919265,2336597
"22534",51,"177","Spotsylvania","County",232,480,232,712,0.48,1,"Exurban","1",401.496,88209050.4023399,88209050.4023399,1,"8600000US22534","22534",87903712,287988
"22551",51,"177","Spotsylvania","County",2085,3987,2069,5974,0.52,0.99,"Exurban","1",401.496,458201896.587537,457756002.878282,0.999026861930131,"8600000US22551","22551",450595713,7596970
"22553",51,"177","Spotsylvania","County",1597,2907,1336,3913,0.55,0.84,"Exurban","1",401.496,118744862.570254,118654287.027756,0.999237225589915,"8600000US22553","22553",115604965,3211449
"22554",51,"179","Stafford","County",5189,11330,4746,15092,0.46,0.91,"Exurban","1",268.956,184402152.878895,184011842.815485,0.997883375777799,"8600000US22554","22554",171913503,15433125
"22556",51,"179","Stafford","County",2709,5900,2533,8095,0.46,0.94,"Exurban","1",268.956,82742081.8431034,82688242.8947353,0.999349316005003,"8600000US22556","22556",81828924,877766
"22610",51,"187","Warren","County",158,512,158,670,0.31,1,"Exurban","1",213.465,135475199.871103,135367370.648175,0.999204066699801,"8600000US22610","22610",133495503,1981052
"22611",51,"043","Clarke","County",742,2553,695,2858,0.29,0.94,"Exurban","1",176.177,210681929.059386,210530356.670209,0.999280562932694,"8600000US22611","22611",209235798,1502384
"22620",51,"043","Clarke","County",268,727,268,982,0.37,1,"Exurban","1",176.177,121212503.765698,121152820.215588,0.999507612265601,"8600000US22620","22620",118496712,2656206
"22623",51,"157","Rappahannock","County",44,199,44,243,0.22,1,"Exurban","1",266.227,3125644.24836347,2761058.48022972,0.883356601339185,"8600000US22623","22623",3122412,877
"22627",51,"157","Rappahannock","County",15,290,15,305,0.05,1,"Exurban","1",266.227,85409199.3490468,85164705.3533033,0.997137381012737,"8600000US22627","22627",85074866,354639
"22630",51,"187","Warren","County",2056,9353,2037,10159,0.22,0.99,"Exurban","1",213.465,343731687.931053,322364687.921659,0.937838143064422,"8600000US22630","22630",338024243,5564075
"22639",51,"061","Fauquier","County",26,193,26,219,0.13,1,"Exurban","1",647.449,48692404.2975961,48628937.8536108,0.998696584305072,"8600000US22639","22639",48270271,429727
"22640",51,"157","Rappahannock","County",77,169,77,246,0.46,1,"Exurban","1",266.227,61385197.4647907,61156095.6801796,0.996267800804217,"8600000US22640","22640",61192177,173511
"22642",51,"061","Fauquier","County",369,1215,369,1584,0.3,1,"Exurban","1",647.449,132740688.158973,96108780.1385994,0.724034065753054,"8600000US22642","22642",132306116,503425
"22643",51,"061","Fauquier","County",8,46,8,54,0.17,1,"Exurban","1",647.449,14904307.869881,14904307.869881,1,"8600000US22643","22643",14866755,24129
"22646",51,"043","Clarke","County",7,90,7,97,0.08,1,"Exurban","1",176.177,5076410.7740202,5076410.7740202,1,"8600000US22646","22646",5090174,3964
"22663",51,"043","Clarke","County",55,414,55,398,0.13,1,"Exurban","1",176.177,57381348.1734747,45181066.9840196,0.787382458275966,"8600000US22663","22663",57181593,225711
"22701",51,"047","Culpeper","County",3802,7834,3539,9858,0.49,0.93,"Exurban","1",379.234,426702545.023581,338102705.741267,0.79236158697526,"8600000US22701","22701",423185080,3530748
"22712",51,"061","Fauquier","County",630,1872,573,2194,0.34,0.91,"Exurban","1",647.449,94338509.6282774,94338509.6282774,1,"8600000US22712","22712",93810456,514829
"22713",51,"047","Culpeper","County",133,398,133,531,0.33,1,"Exurban","1",379.234,69331363.2384347,41088497.0245323,0.592639392986208,"8600000US22713","22713",69029978,254302
"22714",51,"047","Culpeper","County",146,158,146,304,0.92,1,"Exurban","1",379.234,58342898.2150135,58311918.0442791,0.999468998426848,"8600000US22714","22714",57820728,543600
"22716",51,"157","Rappahannock","County",64,402,64,466,0.16,1,"Exurban","1",266.227,65170839.1392074,65151890.6339352,0.999709248714265,"8600000US22716","22716",64789149,360317
"22718",51,"047","Culpeper","County",0,236,0,236,0,-1,"Exurban","-1",379.234,64072842.1064873,64040141.3183548,0.999489631065871,"8600000US22718","22718",63575199,475170
"22720",51,"061","Fauquier","County",76,258,76,334,0.29,1,"Exurban","1",647.449,53803352.3272319,53689825.141976,0.997889960748813,"8600000US22720","22720",53459883,326129
"22724",51,"047","Culpeper","County",167,566,167,733,0.3,1,"Exurban","1",379.234,55092533.0297289,55021795.3320839,0.998716020234416,"8600000US22724","22724",54637101,446184
"22726",51,"047","Culpeper","County",97,137,97,234,0.71,1,"Exurban","1",379.234,41277141.4511503,41224095.4407658,0.998714881687065,"8600000US22726","22726",40834824,428461
"22728",51,"061","Fauquier","County",165,974,165,1111,0.17,1,"Exurban","1",647.449,117736863.454943,117704900.336579,0.999728520724729,"8600000US22728","22728",117136415,609626
"22729",51,"047","Culpeper","County",0,30,0,30,0,-1,"Exurban","-1",379.234,14520504.3122846,14457428.1418688,0.995656062003132,"8600000US22729","22729",14315652,187874
"22733",51,"047","Culpeper","County",79,489,68,557,0.16,0.86,"Exurban","1",379.234,123667331.68085,67553900.3411766,0.546255016769618,"8600000US22733","22733",122890696,797338
"22734",51,"061","Fauquier","County",287,861,285,1092,0.33,0.99,"Exurban","1",647.449,78618147.5934767,60339847.173397,0.767505328227852,"8600000US22734","22734",77781776,886760
"22736",51,"047","Culpeper","County",78,173,78,251,0.45,1,"Exurban","1",379.234,75741457.6701974,75508410.3989409,0.996923121386556,"8600000US22736","22736",74610837,1142727
"22737",51,"047","Culpeper","County",205,736,205,941,0.28,1,"Exurban","1",379.234,105429029.478615,105428392.085501,0.999993954292126,"8600000US22737","22737",104357431,1070304
"22740",51,"157","Rappahannock","County",23,530,23,553,0.04,1,"Exurban","1",266.227,204550568.159909,196428956.233334,0.960295334304691,"8600000US22740","22740",204379964,168186
"22741",51,"047","Culpeper","County",9,31,9,40,0.29,1,"Exurban","1",379.234,21663184.9815025,21663184.9815025,1,"8600000US22741","22741",21519032,143178
"22742",51,"061","Fauquier","County",104,513,104,610,0.2,1,"Exurban","1",647.449,57675127.8599557,57648292.0075011,0.999534706667323,"8600000US22742","22742",57387740,305179
"22747",51,"157","Rappahannock","County",53,441,53,465,0.12,1,"Exurban","1",266.227,100852087.245946,100852087.245946,1,"8600000US22747","22747",100494961,368346
"22749",51,"157","Rappahannock","County",16,113,16,129,0.14,1,"Exurban","1",266.227,49985357.7538133,49985357.7538133,1,"8600000US22749","22749",49851483,178385
"25414",54,"037","Jefferson","County",2336,4178,2260,5796,0.56,0.97,"Exurban","1",209.635,143332021.140215,143332021.140215,1,"8600000US25414","25414",141470951,1890740
"25425",54,"037","Jefferson","County",1000,3706,1000,4504,0.27,1,"Exurban","1",209.635,107294328.370403,107288413.70982,0.999944874433969,"8600000US25425","25425",104200957,3267897
"25430",54,"037","Jefferson","County",717,1748,641,2331,0.41,0.89,"Exurban","1",209.635,123989023.234305,113416735.340729,0.914732065647477,"8600000US25430","25430",123959443,55145
"25432",54,"037","Jefferson","County",0,68,0,61,0,-1,"Exurban","-1",209.635,2131592.98817945,2131592.98817945,1,"8600000US25432","25432",2129714,0
"25438",54,"037","Jefferson","County",812,1561,739,2006,0.52,0.91,"Exurban","1",209.635,23029450.2275515,23029450.2275515,1,"8600000US25438","25438",22977354,2841
"25442",54,"037","Jefferson","County",107,460,107,567,0.23,1,"Exurban","1",209.635,36776801.250161,36776801.250161,1,"8600000US25442","25442",36803645,0
"25443",54,"037","Jefferson","County",598,1948,598,2201,0.31,1,"Exurban","1",209.635,71238901.1376259,68366756.4131906,0.959682916516544,"8600000US25443","25443",71251189,0
"25446",54,"037","Jefferson","County",95,360,95,455,0.26,1,"Exurban","1",209.635,39894590.8104714,39894590.8104714,1,"8600000US25446","25446",39879852,0
